"post.mean","l-95% CI","u-95% CI","eff.samp","pMCMC","signif.","y_var","x_model","term","pMCMC_adjusted","pMCMC_adjusted_sig"
" 0.0007186","-0.0008428","0.002254","4700","0.32468","ns","rate_genes1_median","Host_or_free","(Intercept)",0.858615254237288,"ns"
" 0.0016826","-0.0002218","0.003651","4700","0.09319",".","rate_genes1_median","Host_or_free","Host_or_freeBoth",0.523204363636364,"ns"
"-0.0004534","-0.0094314","0.008589","4700","0.91277","ns","rate_genes1_median","Host_or_free","Host_or_freeFree",0.993977295373666,"ns"
"0.001247","-0.0001043","0.002536","4418","0.7089","ns","rate_genes1_median","Category_primary_env","(Intercept)",0.993977295373666,"ns"
"0.001127","-0.0010618","0.003283","4700","0.2983","ns","rate_genes1_median","Category_primary_env","Category_primary_envFree",0.837429357798165,"ns"
"0.000856","-0.001402","0.003111","4700","0.5574","ns","rate_genes1_median","Obligate_facultative","(Intercept)",0.966579661016949,"ns"
"0.001042","-0.001487","0.003525","4700","0.4060","ns","rate_genes1_median","Obligate_facultative","Obligate_facultativeFacultative",0.900921891891892,"ns"
" 0.003619"," 0.0005297","0.0067601","4700","0.1923","ns","rate_genes1_median","Intra_or_extracellular","(Intercept)",0.726466666666667,"ns"
"-0.002203","-0.0062291","0.0013670","3931","0.2519","ns","rate_genes1_median","Intra_or_extracellular","Intra_or_extracellularBoth",0.778633663366337,"ns"
"-0.002410","-0.0057355","0.0009965","4700","0.1757","ns","rate_genes1_median","Intra_or_extracellular","Intra_or_extracellularExtracellular",0.689284615384615,"ns"
" 0.0016143","-0.0001386","0.003355","4700","0.8996","ns","rate_genes1_median","Effect_on_host","(Intercept)",0.993977295373666,"ns"
" 0.0001115","-0.0021012","0.002272","4700","0.9243","ns","rate_genes1_median","Effect_on_host","Effect_on_hostBoth",0.997193661971831,"ns"
"-0.0005109","-0.0040522","0.003354","4700","0.7936","ns","rate_genes1_median","Effect_on_host","Effect_on_hostMutualist",0.993977295373666,"ns"
" 0.0008452","-0.0006496","0.002465","5081","0.4098","ns","rate_genes1_median","Motility","(Intercept)",0.900921891891892,"ns"
"-0.0001887","-0.0055894","0.004819","4700","0.9515","ns","rate_genes1_median","Motility","MotilityBoth",0.99753904109589,"ns"
" 0.0014539","-0.0005306","0.003509","4700","0.1617","ns","rate_genes1_median","Motility","MotilityMotile",0.659736,"ns"
" 0.0026432","-0.001061","0.0063760","4700","0.5515","ns","rate_genes1_median","combined","(Intercept)",0.966579661016949,"ns"
" 0.0009612","-0.002222","0.0040844","5006","0.5391","ns","rate_genes1_median","combined","Obligate_facultativeFacultative",0.966579661016949,"ns"
"-0.0020051","-0.006064","0.0019541","4700","0.3247","ns","rate_genes1_median","combined","Intra_or_extracellularBoth",0.858615254237288,"ns"
"-0.0026954","-0.006511","0.0008942","4700","0.1404","ns","rate_genes1_median","combined","Intra_or_extracellularExtracellular",0.62033,"ns"
"-0.0001766","-0.002662","0.0026451","5181","0.9017","ns","rate_genes1_median","combined","Effect_on_hostBoth",0.993977295373666,"ns"
"-0.0012003","-0.005286","0.0032550","4988","0.5715","ns","rate_genes1_median","combined","Effect_on_hostMutualist",0.982466292134831,"ns"
"-0.0004153","-0.006156","0.0052948","4296","0.8664","ns","rate_genes1_median","combined","MotilityBoth",0.993977295373666,"ns"
" 0.0012238","-0.001323","0.0036653","4700","0.3311","ns","rate_genes1_median","combined","MotilityMotile",0.858615254237288,"ns"
"0.001971"," 0.000143","0.003702","4700","0.8455","ns","rate_genes1_median","NE","(Intercept)",0.993977295373666,"ns"
"0.000381","-0.001010","0.001708","4700","0.5787","ns","rate_genes1_median","NE","Ne",0.984412087912088,"ns"
" 0.001597240"," 0.0004139","0.002811","4700","0.8677","ns","rate_genes1_median","Genome_size","(Intercept)",0.993977295373666,"ns"
"-0.000006456","-0.0010523","0.001047","4700","0.9911","ns","rate_genes1_median","Genome_size","genome_size",0.9983,"ns"
" 0.001594286"," 0.0004535","0.002793","4700","0.8613","ns","rate_genes1_median","Pan_size","(Intercept)",0.993977295373666,"ns"
"-0.000003655","-0.0009747","0.001056","4700","0.9906","ns","rate_genes1_median","Pan_size","pan_size",0.9983,"ns"
"0.0015975"," 0.0004237","0.002858","4465","0.8574","ns","rate_genes1_median","Pangenome_fluidity","(Intercept)",0.993977295373666,"ns"
"0.0001601","-0.0007858","0.001170","4700","0.7421","ns","rate_genes1_median","Pangenome_fluidity","pangenome_fluidity",0.993977295373666,"ns"
"0.001590"," 0.0004886","0.002723","5043","0.8617","ns","rate_genes1_median","Total_envs","(Intercept)",0.993977295373666,"ns"
"0.000728","-0.0003025","0.001704","4069","0.1489","ns","rate_genes1_median","Total_envs","Total_envs",0.624156164383562,"ns"
" 0.0005039","-0.0001024","0.0010683","5159","0.6004","ns","rate_genes1_lower_CI","Host_or_free","(Intercept)",0.993977295373666,"ns"
" 0.0001734","-0.0001440","0.0005294","5052","0.2979","ns","rate_genes1_lower_CI","Host_or_free","Host_or_freeBoth",0.837429357798165,"ns"
"-0.0001818","-0.0015179","0.0011639","4700","0.7821","ns","rate_genes1_lower_CI","Host_or_free","Host_or_freeFree",0.993977295373666,"ns"
" 0.0005867"," 0.00003164","0.0011597","4700","0.4043","ns","rate_genes1_lower_CI","Category_primary_env","(Intercept)",0.900921891891892,"ns"
"-0.0000353","-0.00033498","0.0002833","4700","0.8123","ns","rate_genes1_lower_CI","Category_primary_env","Category_primary_envFree",0.993977295373666,"ns"
"0.0005174","-0.0001339","0.0011948","4700","0.6349","ns","rate_genes1_lower_CI","Obligate_facultative","(Intercept)",0.993977295373666,"ns"
"0.0001099","-0.0003289","0.0005457","4700","0.6328","ns","rate_genes1_lower_CI","Obligate_facultative","Obligate_facultativeFacultative",0.993977295373666,"ns"
" 0.0010749"," 0.0002526","0.0019053","4700","0.0834",".","rate_genes1_lower_CI","Intra_or_extracellular","(Intercept)",0.493307307692308,"ns"
"-0.0006374","-0.0014836","0.0001739","4700","0.1294","ns","rate_genes1_lower_CI","Intra_or_extracellular","Intra_or_extracellularBoth",0.611582727272727,"ns"
"-0.0006957","-0.0015805","0.0001077","4700","0.1030","ns","rate_genes1_lower_CI","Intra_or_extracellular","Intra_or_extracellularExtracellular",0.547634482758621,"ns"
" 0.00059750","-0.0000005246","0.0011919","4968","0.4196","ns","rate_genes1_lower_CI","Effect_on_host","(Intercept)",0.900921891891892,"ns"
"-0.00004219","-0.0003737159","0.0002862","4700","0.7915","ns","rate_genes1_lower_CI","Effect_on_host","Effect_on_hostBoth",0.993977295373666,"ns"
"-0.00006983","-0.0007978508","0.0007362","4700","0.8557","ns","rate_genes1_lower_CI","Effect_on_host","Effect_on_hostMutualist",0.993977295373666,"ns"
" 0.00053493","-0.00006618","0.0011309","5008","0.5268","ns","rate_genes1_lower_CI","Motility","(Intercept)",0.966579661016949,"ns"
"-0.00003681","-0.00055771","0.0004392","4700","0.8911","ns","rate_genes1_lower_CI","Motility","MotilityBoth",0.993977295373666,"ns"
" 0.00008000","-0.00027135","0.0004093","4700","0.6426","ns","rate_genes1_lower_CI","Motility","MotilityMotile",0.993977295373666,"ns"
" 0.0010752473"," 0.00009347","0.0019816","4333","0.1294","ns","rate_genes1_lower_CI","combined","(Intercept)",0.611582727272727,"ns"
" 0.0001595345","-0.00038642","0.0007480","4700","0.5855","ns","rate_genes1_lower_CI","combined","Obligate_facultativeFacultative",0.984412087912088,"ns"
"-0.0007298709","-0.00162842","0.0002584","4476","0.1255","ns","rate_genes1_lower_CI","combined","Intra_or_extracellularBoth",0.611582727272727,"ns"
"-0.0007650429","-0.00163789","0.0001961","4461","0.1038","ns","rate_genes1_lower_CI","combined","Intra_or_extracellularExtracellular",0.547634482758621,"ns"
"-0.0000678425","-0.00042370","0.0003312","4452","0.7298","ns","rate_genes1_lower_CI","combined","Effect_on_hostBoth",0.993977295373666,"ns"
"-0.0002558255","-0.00110645","0.0005801","5048","0.5553","ns","rate_genes1_lower_CI","combined","Effect_on_hostMutualist",0.966579661016949,"ns"
"-0.0000428241","-0.00052613","0.0004862","4700","0.8557","ns","rate_genes1_lower_CI","combined","MotilityBoth",0.993977295373666,"ns"
" 0.0000004796","-0.00041857","0.0004419","4700","0.9949","ns","rate_genes1_lower_CI","combined","MotilityMotile",0.9983,"ns"
" 0.0006736830","-0.00003809","0.0014220","4947","0.4196","ns","rate_genes1_lower_CI","NE","(Intercept)",0.900921891891892,"ns"
"-0.0000002471","-0.00016259","0.0001737","4700","0.9983","ns","rate_genes1_lower_CI","NE","Ne",0.9983,"ns"
" 0.00057277"," 0.00003945","0.0011787","4700","0.4345","ns","rate_genes1_lower_CI","Genome_size","(Intercept)",0.900921891891892,"ns"
"-0.00002442","-0.00028177","0.0002611","4700","0.8643","ns","rate_genes1_lower_CI","Genome_size","genome_size",0.993977295373666,"ns"
" 0.000576078"," 0.000002694","0.0011558","4700","0.4315","ns","rate_genes1_lower_CI","Pan_size","(Intercept)",0.900921891891892,"ns"
"-0.000007167","-0.000154496","0.0001343","4774","0.9409","ns","rate_genes1_lower_CI","Pan_size","pan_size",0.99753904109589,"ns"
"0.000575709","-0.00001581","0.0011337","4700","0.4545","ns","rate_genes1_lower_CI","Pangenome_fluidity","(Intercept)",0.908129032258065,"ns"
"0.000009747","-0.00012908","0.0001547","4700","0.8868","ns","rate_genes1_lower_CI","Pangenome_fluidity","pangenome_fluidity",0.993977295373666,"ns"
"0.00057566","-0.00001108","0.0011241","4942","0.4289","ns","rate_genes1_lower_CI","Total_envs","(Intercept)",0.900921891891892,"ns"
"0.00002236","-0.00013753","0.0001943","4700","0.8047","ns","rate_genes1_lower_CI","Total_envs","Total_envs",0.993977295373666,"ns"
" 0.005168","-0.04531","0.05361","4700","0.7549","ns","rate_genes1_upper_CI","Host_or_free","(Intercept)",0.993977295373666,"ns"
" 0.003788","-0.01940","0.02606","4700","0.7523","ns","rate_genes1_upper_CI","Host_or_free","Host_or_freeBoth",0.993977295373666,"ns"
"-0.001345","-0.10496","0.11420","4700","0.9885","ns","rate_genes1_upper_CI","Host_or_free","Host_or_freeFree",0.9983,"ns"
" 0.007427","-0.04310","0.05458","4700","0.8200","ns","rate_genes1_upper_CI","Category_primary_env","(Intercept)",0.993977295373666,"ns"
"-0.002290","-0.02636","0.01893","4898","0.8549","ns","rate_genes1_upper_CI","Category_primary_env","Category_primary_envFree",0.993977295373666,"ns"
" 0.0074154","-0.04644","0.06494","6162","0.8162","ns","rate_genes1_upper_CI","Obligate_facultative","(Intercept)",0.993977295373666,"ns"
"-0.0005333","-0.03352","0.03274","5279","0.9677","ns","rate_genes1_upper_CI","Obligate_facultative","Obligate_facultativeFacultative",0.9983,"ns"
" 0.009117","-0.06137","0.08170","4700","0.9094","ns","rate_genes1_upper_CI","Intra_or_extracellular","(Intercept)",0.993977295373666,"ns"
"-0.002836","-0.07759","0.07023","4700","0.9438","ns","rate_genes1_upper_CI","Intra_or_extracellular","Intra_or_extracellularBoth",0.99753904109589,"ns"
"-0.002998","-0.07779","0.06812","4700","0.9255","ns","rate_genes1_upper_CI","Intra_or_extracellular","Intra_or_extracellularExtracellular",0.997193661971831,"ns"
" 0.004526","-0.0409761","0.05616","4700","0.72298","ns","rate_genes1_upper_CI","Effect_on_host","(Intercept)",0.993977295373666,"ns"
"-0.001314","-0.0257417","0.02197","4692","0.91191","ns","rate_genes1_upper_CI","Effect_on_host","Effect_on_hostBoth",0.993977295373666,"ns"
" 0.062406"," 0.0004231","0.12017","4700","0.04468","*","rate_genes1_upper_CI","Effect_on_host","Effect_on_hostMutualist",0.400624615384615,"ns"
" 0.0096753","-0.04115","0.05808","4700","0.9013","ns","rate_genes1_upper_CI","Motility","(Intercept)",0.993977295373666,"ns"
"-0.0008509","-0.03438","0.03279","4700","0.9566","ns","rate_genes1_upper_CI","Motility","MotilityBoth",0.9983,"ns"
"-0.0072716","-0.03100","0.01745","4700","0.5591","ns","rate_genes1_upper_CI","Motility","MotilityMotile",0.966579661016949,"ns"
"-0.004644","-0.08582398","0.07257","5860","0.64851","ns","rate_genes1_upper_CI","combined","(Intercept)",0.993977295373666,"ns"
" 0.006806","-0.03323010","0.04780","4700","0.73234","ns","rate_genes1_upper_CI","combined","Obligate_facultativeFacultative",0.993977295373666,"ns"
" 0.013912","-0.06235188","0.09417","4700","0.71447","ns","rate_genes1_upper_CI","combined","Intra_or_extracellularBoth",0.993977295373666,"ns"
" 0.009362","-0.06451923","0.08877","4700","0.79660","ns","rate_genes1_upper_CI","combined","Intra_or_extracellularExtracellular",0.993977295373666,"ns"
" 0.001784","-0.02830830","0.02844","4700","0.90213","ns","rate_genes1_upper_CI","combined","Effect_on_hostBoth",0.993977295373666,"ns"
" 0.068609"," 0.00001671","0.13640","4700","0.04809","*","rate_genes1_upper_CI","combined","Effect_on_hostMutualist",0.400624615384615,"ns"
"-0.001623","-0.03744517","0.03326","4435","0.93660","ns","rate_genes1_upper_CI","combined","MotilityBoth",0.99753904109589,"ns"
"-0.011669","-0.04251766","0.01800","4700","0.44809","ns","rate_genes1_upper_CI","combined","MotilityMotile",0.908049933774834,"ns"
" 0.005656","-0.05662","0.067920","4700","0.7494","ns","rate_genes1_upper_CI","NE","(Intercept)",0.993977295373666,"ns"
"-0.004444","-0.01664","0.008371","4700","0.4783","ns","rate_genes1_upper_CI","NE","Ne",0.926327848101266,"ns"
" 0.006350","-0.04317","0.05487","4700","0.7902","ns","rate_genes1_upper_CI","Genome_size","(Intercept)",0.993977295373666,"ns"
"-0.006849","-0.02907","0.01426","4700","0.5200","ns","rate_genes1_upper_CI","Genome_size","genome_size",0.966579661016949,"ns"
" 0.006422","-0.04254","0.056054","4700","0.7983","ns","rate_genes1_upper_CI","Pan_size","(Intercept)",0.993977295373666,"ns"
"-0.001058","-0.01142","0.008797","4700","0.8366","ns","rate_genes1_upper_CI","Pan_size","pan_size",0.993977295373666,"ns"
"0.007540","-0.039746","0.05940","4700","0.8200","ns","rate_genes1_upper_CI","Pangenome_fluidity","(Intercept)",0.993977295373666,"ns"
"0.001803","-0.008964","0.01213","4700","0.7349","ns","rate_genes1_upper_CI","Pangenome_fluidity","pangenome_fluidity",0.993977295373666,"ns"
" 0.006399","-0.04289","0.055552","4700","0.7868","ns","rate_genes1_upper_CI","Total_envs","(Intercept)",0.993977295373666,"ns"
"-0.003027","-0.01481","0.009609","4700","0.6315","ns","rate_genes1_upper_CI","Total_envs","Total_envs",0.993977295373666,"ns"
" 0.00009207"," 0.00006025","0.00012330","5096","0.4264","ns","core_mu_median","Host_or_free","(Intercept)",0.900921891891892,"ns"
" 0.00002242","-0.00001317","0.00006133","4263","0.2289","ns","core_mu_median","Host_or_free","Host_or_freeBoth",0.735165,"ns"
"-0.00008951","-0.00025328","0.00006872","4981","0.2689","ns","core_mu_median","Host_or_free","Host_or_freeFree",0.798867961165048,"ns"
" 0.00010973"," 0.00008074","0.00013606","4961","0.6579","ns","core_mu_median","Category_primary_env","(Intercept)",0.993977295373666,"ns"
"-0.00002582","-0.00006435","0.00001382","4700","0.1911","ns","core_mu_median","Category_primary_env","Category_primary_envFree",0.726466666666667,"ns"
"0.00008412"," 0.00004005","0.00012626","4700","0.3553","ns","core_mu_median","Obligate_facultative","(Intercept)",0.883917073170732,"ns"
"0.00002326","-0.00002306","0.00007016","4700","0.3247","ns","core_mu_median","Obligate_facultative","Obligate_facultativeFacultative",0.858615254237288,"ns"
" 0.00014824"," 0.00009058"," 0.000204691","5108","0.14468","ns","core_mu_median","Intra_or_extracellular","(Intercept)",0.62033,"ns"
"-0.00007485","-0.00014252","-0.000001145","4326","0.03319","*","core_mu_median","Intra_or_extracellular","Intra_or_extracellularBoth",0.376153333333333,"ns"
"-0.00004745","-0.00011070"," 0.000025737","4764","0.14553","ns","core_mu_median","Intra_or_extracellular","Intra_or_extracellularExtracellular",0.62033,"ns"
"0.00009006"," 0.00005233","0.00012273","4700","0.3732","ns","core_mu_median","Effect_on_host","(Intercept)",0.890670229007634,"ns"
"0.00002305","-0.00001721","0.00006334","4700","0.2570","ns","core_mu_median","Effect_on_host","Effect_on_hostBoth",0.778633663366337,"ns"
"0.00002721","-0.00004524","0.00010753","4026","0.4949","ns","core_mu_median","Effect_on_host","Effect_on_hostMutualist",0.951622222222222,"ns"
" 0.00007902"," 0.00004810","0.00010993","4700","0.09191",".","core_mu_median","Motility","(Intercept)",0.523204363636364,"ns"
"-0.00002483","-0.00012039","0.00006144","4700","0.60170","ns","core_mu_median","Motility","MotilityBoth",0.993977295373666,"ns"
" 0.00004872"," 0.00001193","0.00008567","4700","0.01064","*","core_mu_median","Motility","MotilityMotile",0.15504,"ns"
" 0.0001252361"," 0.000059466"," 0.000191968","4700","0.53830","ns","core_mu_median","combined","(Intercept)",0.966579661016949,"ns"
"-0.0000090952","-0.000065155"," 0.000045754","4454","0.74766","ns","core_mu_median","combined","Obligate_facultativeFacultative",0.993977295373666,"ns"
"-0.0000749674","-0.000151349","-0.000003007","5196","0.05064",".","core_mu_median","combined","Intra_or_extracellularBoth",0.400624615384615,"ns"
"-0.0000540193","-0.000128970"," 0.000009778","4481","0.11660","ns","core_mu_median","combined","Intra_or_extracellularExtracellular",0.604738983050848,"ns"
" 0.0000090083","-0.000039682"," 0.000052785","4700","0.69191","ns","core_mu_median","combined","Effect_on_hostBoth",0.993977295373666,"ns"
" 0.0000027958","-0.000070785"," 0.000085313","4921","0.94809","ns","core_mu_median","combined","Effect_on_hostMutualist",0.99753904109589,"ns"
"-0.0000004807","-0.000092628"," 0.000098422","4700","0.98383","ns","core_mu_median","combined","MotilityBoth",0.9983,"ns"
" 0.0000503433"," 0.000003656"," 0.000095615","4700","0.03489","*","core_mu_median","combined","MotilityMotile",0.377118620689655,"ns"
"0.00011962"," 0.000087383","0.00015420","4700","0.8906","ns","core_mu_median","NE","(Intercept)",0.993977295373666,"ns"
"0.00001392","-0.000007233","0.00003521","4700","0.2030","ns","core_mu_median","NE","Ne",0.735165,"ns"
"0.00010196"," 0.000076770","0.00012730","4335","0.8664","ns","core_mu_median","Genome_size","(Intercept)",0.993977295373666,"ns"
"0.00001161","-0.000008786","0.00003279","4700","0.2562","ns","core_mu_median","Genome_size","genome_size",0.778633663366337,"ns"
"0.00010375","0.000080236","0.00012892","4700","0.968511","ns","core_mu_median","Pan_size","(Intercept)",0.9983,"ns"
"0.00002482","0.000007434","0.00004372","4700","0.009787","**","core_mu_median","Pan_size","pan_size",0.15504,"ns"
"0.00010456","0.000079953","0.00012549","4700","0.992766","ns","core_mu_median","Pangenome_fluidity","(Intercept)",0.9983,"ns"
"0.00002555","0.000008709","0.00004281","4700","0.003404","**","core_mu_median","Pangenome_fluidity","pangenome_fluidity",0.0837128571428571,"."
"0.000102486"," 0.00007788","0.00012808","4700","0.8838","ns","core_mu_median","Total_envs","(Intercept)",0.993977295373666,"ns"
"0.000008253","-0.00000980","0.00002773","4927","0.3813","ns","core_mu_median","Total_envs","Total_envs",0.890670229007634,"ns"
" 0.00003966"," 0.000026080","0.00005422","4547","0.3928","ns","core_mu_lower_CI","Host_or_free","(Intercept)",0.900921891891892,"ns"
" 0.00001127","-0.000006139","0.00002942","4700","0.2119","ns","core_mu_lower_CI","Host_or_free","Host_or_freeBoth",0.735165,"ns"
"-0.00004335","-0.000126380","0.00003026","4700","0.2757","ns","core_mu_lower_CI","Host_or_free","Host_or_freeFree",0.811194230769231,"ns"
" 0.00005021"," 0.00003932","0.000062231","4700","0.43574","ns","core_mu_lower_CI","Category_primary_env","(Intercept)",0.900921891891892,"ns"
"-0.00001773","-0.00003612","0.000001295","4700","0.06298",".","core_mu_lower_CI","Category_primary_env","Category_primary_envFree",0.458721818181818,"ns"
"0.000038405"," 0.00001820","0.00005995","4229","0.463","ns","core_mu_lower_CI","Obligate_facultative","(Intercept)",0.908192307692308,"ns"
"0.000008519","-0.00001391","0.00003093","4700","0.460","ns","core_mu_lower_CI","Obligate_facultative","Obligate_facultativeFacultative",0.908129032258065,"ns"
" 0.00007073"," 0.00004365","0.0000994901","4700","0.07660",".","core_mu_lower_CI","Intra_or_extracellular","(Intercept)",0.468792,"ns"
"-0.00003393","-0.00006653","0.0000015848","4700","0.04979","*","core_mu_lower_CI","Intra_or_extracellular","Intra_or_extracellularBoth",0.400624615384615,"ns"
"-0.00002887","-0.00006288","0.0000009861","4314","0.06596",".","core_mu_lower_CI","Intra_or_extracellular","Intra_or_extracellularExtracellular",0.458721818181818,"ns"
"0.00003884"," 0.000022684","0.00005367","4700","0.3434","ns","core_mu_lower_CI","Effect_on_host","(Intercept)",0.87567,"ns"
"0.00001013","-0.000009235","0.00002905","4700","0.3038","ns","core_mu_lower_CI","Effect_on_host","Effect_on_hostBoth",0.845116363636364,"ns"
"0.00001670","-0.000016453","0.00005343","4700","0.3494","ns","core_mu_lower_CI","Effect_on_host","Effect_on_hostMutualist",0.878403098360656,"ns"
" 0.00003712"," 0.0000223801","0.00005179","4700","0.24766","ns","core_mu_lower_CI","Motility","(Intercept)",0.778633663366337,"ns"
"-0.00001479","-0.0000621656","0.00002965","4700","0.54255","ns","core_mu_lower_CI","Motility","MotilityBoth",0.966579661016949,"ns"
" 0.00001641","-0.0000009502","0.00003627","4700","0.07447",".","core_mu_lower_CI","Motility","MotilityMotile",0.468792,"ns"
" 0.000059821"," 0.000026626","0.0000938599","4700","0.38596","ns","core_mu_lower_CI","combined","(Intercept)",0.894725454545455,"ns"
"-0.000002587","-0.000030799","0.0000246714","4700","0.83617","ns","core_mu_lower_CI","combined","Obligate_facultativeFacultative",0.993977295373666,"ns"
"-0.000033757","-0.000069647","0.0000020677","4700","0.06298",".","core_mu_lower_CI","combined","Intra_or_extracellularBoth",0.458721818181818,"ns"
"-0.000033822","-0.000067838","0.0000009838","4700","0.04809","*","core_mu_lower_CI","combined","Intra_or_extracellularExtracellular",0.400624615384615,"ns"
" 0.000008344","-0.000014799","0.0000310959","4700","0.45957","ns","core_mu_lower_CI","combined","Effect_on_hostBoth",0.908129032258065,"ns"
" 0.000011099","-0.000030030","0.0000462795","4700","0.54979","ns","core_mu_lower_CI","combined","Effect_on_hostMutualist",0.966579661016949,"ns"
"-0.000004219","-0.000052872","0.0000435321","5300","0.87319","ns","core_mu_lower_CI","combined","MotilityBoth",0.993977295373666,"ns"
" 0.000017053","-0.000005184","0.0000395906","5394","0.13021","ns","core_mu_lower_CI","combined","MotilityMotile",0.611582727272727,"ns"
"0.000052095"," 0.000034729","0.00007081","4700","0.8391","ns","core_mu_lower_CI","NE","(Intercept)",0.993977295373666,"ns"
"0.000006341","-0.000003921","0.00001629","4700","0.2264","ns","core_mu_lower_CI","NE","Ne",0.735165,"ns"
"0.000044889"," 0.000034409","0.00005619","4802","0.8940","ns","core_mu_lower_CI","Genome_size","(Intercept)",0.993977295373666,"ns"
"0.000006409","-0.000002874","0.00001606","4977","0.1668","ns","core_mu_lower_CI","Genome_size","genome_size",0.662867532467532,"ns"
"0.00004537","0.000035376","0.00005547","4700","0.945106","ns","core_mu_lower_CI","Pan_size","(Intercept)",0.99753904109589,"ns"
"0.00001291","0.000003996","0.00002107","5131","0.003404","**","core_mu_lower_CI","Pan_size","pan_size",0.0837128571428571,"."
"0.000045320","0.0000355243","0.00005624","5247","0.94128","ns","core_mu_lower_CI","Pangenome_fluidity","(Intercept)",0.99753904109589,"ns"
"0.000008602","0.0000003394","0.00001706","4474","0.04426","*","core_mu_lower_CI","Pangenome_fluidity","pangenome_fluidity",0.400624615384615,"ns"
"0.000044914"," 0.000034454","0.00005584","4700","0.8966","ns","core_mu_lower_CI","Total_envs","(Intercept)",0.993977295373666,"ns"
"0.000002889","-0.000006643","0.00001154","4700","0.5302","ns","core_mu_lower_CI","Total_envs","Total_envs",0.966579661016949,"ns"
" 0.000239109"," 0.00015691","0.00031050","4700","0.8672","ns","core_mu_upper_CI","Host_or_free","(Intercept)",0.993977295373666,"ns"
" 0.000006003","-0.00008505","0.00009454","4700","0.8983","ns","core_mu_upper_CI","Host_or_free","Host_or_freeBoth",0.993977295373666,"ns"
"-0.000198984","-0.00059482","0.00018062","4700","0.3187","ns","core_mu_upper_CI","Host_or_free","Host_or_freeFree",0.858615254237288,"ns"
" 0.00026232"," 0.0001888","0.00032957","4700","0.6247","ns","core_mu_upper_CI","Category_primary_env","(Intercept)",0.993977295373666,"ns"
"-0.00007859","-0.0001723","0.00001458","4495","0.1030","ns","core_mu_upper_CI","Category_primary_env","Category_primary_envFree",0.547634482758621,"ns"
"0.00020623"," 0.0001064","0.0003183","4700","0.4289","ns","core_mu_upper_CI","Obligate_facultative","(Intercept)",0.900921891891892,"ns"
"0.00004143","-0.0000713","0.0001489","4341","0.4464","ns","core_mu_upper_CI","Obligate_facultative","Obligate_facultativeFacultative",0.908049933774834,"ns"
" 0.00031953"," 0.0001889"," 0.000456343","4700","0.29574","ns","core_mu_upper_CI","Intra_or_extracellular","(Intercept)",0.837429357798165,"ns"
"-0.00016184","-0.0003352","-0.000007528","4630","0.04851","*","core_mu_upper_CI","Intra_or_extracellular","Intra_or_extracellularBoth",0.400624615384615,"ns"
"-0.00006474","-0.0002211"," 0.000090898","4807","0.41574","ns","core_mu_upper_CI","Intra_or_extracellular","Intra_or_extracellularExtracellular",0.900921891891892,"ns"
" 0.00023839"," 0.00015032","0.00032981","4700","0.8004","ns","core_mu_upper_CI","Effect_on_host","(Intercept)",0.993977295373666,"ns"
"-0.00002707","-0.00012214","0.00007334","4700","0.5796","ns","core_mu_upper_CI","Effect_on_host","Effect_on_hostBoth",0.984412087912088,"ns"
" 0.00012838","-0.00005477","0.00031367","4500","0.1651","ns","core_mu_upper_CI","Effect_on_host","Effect_on_hostMutualist",0.662867532467532,"ns"
" 0.00020040"," 0.000120577","0.0002774","5128","0.22298","ns","core_mu_upper_CI","Motility","(Intercept)",0.735165,"ns"
"-0.00006357","-0.000282141","0.0001548","4700","0.55787","ns","core_mu_upper_CI","Motility","MotilityBoth",0.966579661016949,"ns"
" 0.00008598","-0.000002135","0.0001704","4700","0.05106",".","core_mu_upper_CI","Motility","MotilityMotile",0.400624615384615,"ns"
" 0.00027368"," 0.00011508","0.00043119","4700","0.73532","ns","core_mu_upper_CI","combined","(Intercept)",0.993977295373666,"ns"
"-0.00001035","-0.00014170","0.00011887","4700","0.86638","ns","core_mu_upper_CI","combined","Obligate_facultativeFacultative",0.993977295373666,"ns"
"-0.00013359","-0.00031457","0.00002689","4700","0.11872","ns","core_mu_upper_CI","combined","Intra_or_extracellularBoth",0.605472,"ns"
"-0.00004106","-0.00019868","0.00012303","4700","0.64043","ns","core_mu_upper_CI","combined","Intra_or_extracellularExtracellular",0.993977295373666,"ns"
"-0.00008012","-0.00018760","0.00002870","4700","0.13957","ns","core_mu_upper_CI","combined","Effect_on_hostBoth",0.62033,"ns"
" 0.00003928","-0.00015309","0.00023038","4949","0.69404","ns","core_mu_upper_CI","combined","Effect_on_hostMutualist",0.993977295373666,"ns"
"-0.00003877","-0.00024863","0.00018506","4410","0.73191","ns","core_mu_upper_CI","combined","MotilityBoth",0.993977295373666,"ns"
" 0.00010400"," 0.00000238","0.00021776","4700","0.05745",".","core_mu_upper_CI","combined","MotilityMotile",0.4394925,"ns"
" 0.000275444"," 0.00019596","0.00035116","4765","0.9519","ns","core_mu_upper_CI","NE","(Intercept)",0.99753904109589,"ns"
"-0.000003468","-0.00005278","0.00004929","4700","0.9077","ns","core_mu_upper_CI","NE","Ne",0.993977295373666,"ns"
"0.000238487"," 0.00016909","0.00030109","4700","0.8247","ns","core_mu_upper_CI","Genome_size","(Intercept)",0.993977295373666,"ns"
"0.000003413","-0.00004566","0.00005228","4700","0.9013","ns","core_mu_upper_CI","Genome_size","genome_size",0.993977295373666,"ns"
"0.00024106"," 0.00017592","0.00030634","4700","0.8745","ns","core_mu_upper_CI","Pan_size","(Intercept)",0.993977295373666,"ns"
"0.00002721","-0.00001468","0.00007288","4700","0.2289","ns","core_mu_upper_CI","Pan_size","pan_size",0.735165,"ns"
"0.0002472","0.00019111","0.0002955","4458","0.963830","ns","core_mu_upper_CI","Pangenome_fluidity","(Intercept)",0.9983,"ns"
"0.0000618","0.00002126","0.0001023","4700","0.001702","**","core_mu_upper_CI","Pangenome_fluidity","pangenome_fluidity",0.0744017142857143,"."
" 0.00023667"," 0.0001680","0.00030124","4700","0.7877","ns","core_mu_upper_CI","Total_envs","(Intercept)",0.993977295373666,"ns"
"-0.00001675","-0.0000654","0.00002811","4702","0.4783","ns","core_mu_upper_CI","Total_envs","Total_envs",0.926327848101266,"ns"
" 0.16349"," 0.10146","0.21880","4700","0.09404",".","prop_genes2_median","Host_or_free","(Intercept)",0.523204363636364,"ns"
" 0.04577","-0.01552","0.10592","4700","0.13191","ns","prop_genes2_median","Host_or_free","Host_or_freeBoth",0.611582727272727,"ns"
"-0.19071","-0.43377","0.06631","4700","0.13872","ns","prop_genes2_median","Host_or_free","Host_or_freeFree",0.62033,"ns"
" 0.20035"," 0.1500","0.25174","4700","0.7111","ns","prop_genes2_median","Category_primary_env","(Intercept)",0.993977295373666,"ns"
"-0.04175","-0.1019","0.02522","4700","0.2051","ns","prop_genes2_median","Category_primary_env","Category_primary_envFree",0.735165,"ns"
"0.11962","0.04971","0.1877","4446","0.003404","**","prop_genes2_median","Obligate_facultative","(Intercept)",0.0837128571428571,"."
"0.09422","0.02068","0.1615","4700","0.010638","*","prop_genes2_median","Obligate_facultative","Obligate_facultativeFacultative",0.15504,"ns"
" 0.17035"," 0.08764","0.26412","4700","0.3311","ns","prop_genes2_median","Intra_or_extracellular","(Intercept)",0.858615254237288,"ns"
"-0.02384","-0.13237","0.08384","4700","0.6945","ns","prop_genes2_median","Intra_or_extracellular","Intra_or_extracellularBoth",0.993977295373666,"ns"
" 0.04869","-0.05455","0.15592","4507","0.3583","ns","prop_genes2_median","Intra_or_extracellular","Intra_or_extracellularExtracellular",0.884191935483871,"ns"
"0.13589","0.07899","0.1863","4665","0.004681","**","prop_genes2_median","Effect_on_host","(Intercept)",0.0954924,"."
"0.08828","0.02843","0.1481","4433","0.003830","**","prop_genes2_median","Effect_on_host","Effect_on_hostBoth",0.0837128571428571,"."
"0.14120","0.03673","0.2496","4700","0.005106","**","prop_genes2_median","Effect_on_host","Effect_on_hostMutualist",0.09765225,"."
" 0.17183"," 0.11092","0.23718","4700","0.2077","ns","prop_genes2_median","Motility","(Intercept)",0.735165,"ns"
"-0.01857","-0.16733","0.12965","4902","0.8111","ns","prop_genes2_median","Motility","MotilityBoth",0.993977295373666,"ns"
" 0.02984","-0.03534","0.09617","4700","0.3698","ns","prop_genes2_median","Motility","MotilityMotile",0.890670229007634,"ns"
" 0.115758"," 0.015581","0.21918","4954","0.06596",".","prop_genes2_median","combined","(Intercept)",0.458721818181818,"ns"
" 0.055953","-0.024926","0.14585","4700","0.20511","ns","prop_genes2_median","combined","Obligate_facultativeFacultative",0.735165,"ns"
"-0.027507","-0.141018","0.08316","4700","0.64000","ns","prop_genes2_median","combined","Intra_or_extracellularBoth",0.993977295373666,"ns"
" 0.008608","-0.097582","0.11794","4476","0.84383","ns","prop_genes2_median","combined","Intra_or_extracellularExtracellular",0.993977295373666,"ns"
" 0.070769"," 0.001851","0.14066","5041","0.04596","*","prop_genes2_median","combined","Effect_on_hostBoth",0.400624615384615,"ns"
" 0.108332","-0.009978","0.23575","4700","0.07532",".","prop_genes2_median","combined","Effect_on_hostMutualist",0.468792,"ns"
" 0.013009","-0.133300","0.15805","5071","0.86255","ns","prop_genes2_median","combined","MotilityBoth",0.993977295373666,"ns"
"-0.018680","-0.088921","0.04776","4700","0.59915","ns","prop_genes2_median","combined","MotilityMotile",0.993977295373666,"ns"
"0.22606"," 0.17646","0.27305","4731","0.6153","ns","prop_genes2_median","NE","(Intercept)",0.993977295373666,"ns"
"0.01362","-0.01692","0.04477","4700","0.4081","ns","prop_genes2_median","NE","Ne",0.900921891891892,"ns"
"0.18249"," 0.1313","0.23037","4455","0.2523","ns","prop_genes2_median","Genome_size","(Intercept)",0.778633663366337,"ns"
"0.02217","-0.0112","0.05944","4350","0.2047","ns","prop_genes2_median","Genome_size","genome_size",0.735165,"ns"
"0.19059","0.14381","0.23097","4450","0.350213","ns","prop_genes2_median","Pan_size","(Intercept)",0.878403098360656,"ns"
"0.04483","0.01667","0.07278","4700","0.001702","**","prop_genes2_median","Pan_size","pan_size",0.0744017142857143,"."
"0.20229","0.16731","0.23337","3770","0.6161702","ns","prop_genes2_median","Pangenome_fluidity","(Intercept)",0.993977295373666,"ns"
"0.06254","0.03807","0.08663","4700","0.0002128","***","prop_genes2_median","Pangenome_fluidity","pangenome_fluidity",0.0162792,"*"
"0.189033"," 0.14038","0.23563","4726","0.3655","ns","prop_genes2_median","Total_envs","(Intercept)",0.890670229007634,"ns"
"0.009468","-0.01964","0.04168","4700","0.5311","ns","prop_genes2_median","Total_envs","Total_envs",0.966579661016949,"ns"
" 0.05815"," 0.022076","0.09431","4442","0.08383",".","prop_genes2_lower_CI","Host_or_free","(Intercept)",0.493307307692308,"ns"
" 0.04421"," 0.002133","0.08251","4700","0.03149","*","prop_genes2_lower_CI","Host_or_free","Host_or_freeBoth",0.370613076923077,"ns"
"-0.06814","-0.248518","0.10580","4526","0.43404","ns","prop_genes2_lower_CI","Host_or_free","Host_or_freeFree",0.900921891891892,"ns"
" 0.08411"," 0.05171","0.11599","4909","0.8591","ns","prop_genes2_lower_CI","Category_primary_env","(Intercept)",0.993977295373666,"ns"
"-0.01474","-0.05995","0.02859","4700","0.5089","ns","prop_genes2_lower_CI","Category_primary_env","Category_primary_envFree",0.955358282208589,"ns"
"0.02766","-0.01595","0.07128","4700","0.005957","**","prop_genes2_lower_CI","Obligate_facultative","(Intercept)",0.107226,"ns"
"0.07006"," 0.02585","0.11836","4700","0.003830","**","prop_genes2_lower_CI","Obligate_facultative","Obligate_facultativeFacultative",0.0837128571428571,"."
" 0.07784"," 0.01234","0.13309","4700","0.7306","ns","prop_genes2_lower_CI","Intra_or_extracellular","(Intercept)",0.993977295373666,"ns"
"-0.02600","-0.10381","0.04645","4700","0.5038","ns","prop_genes2_lower_CI","Intra_or_extracellular","Intra_or_extracellularBoth",0.951622222222222,"ns"
" 0.01499","-0.05815","0.07938","4700","0.6566","ns","prop_genes2_lower_CI","Intra_or_extracellular","Intra_or_extracellularExtracellular",0.993977295373666,"ns"
"0.03947","0.005292","0.07213","4700","0.0025532","**","prop_genes2_lower_CI","Effect_on_host","(Intercept)",0.0837128571428571,"."
"0.07104","0.031395","0.11114","4700","0.0004255","***","prop_genes2_lower_CI","Effect_on_host","Effect_on_hostBoth",0.0260406,"*"
"0.07247","0.001959","0.14295","4700","0.0408511","*","prop_genes2_lower_CI","Effect_on_host","Effect_on_hostMutualist",0.400624615384615,"ns"
" 0.06781"," 0.02931","0.10643","4700","0.2872","ns","prop_genes2_lower_CI","Motility","(Intercept)",0.836982857142857,"ns"
"-0.03527","-0.13732","0.07310","4700","0.5009","ns","prop_genes2_lower_CI","Motility","MotilityBoth",0.951622222222222,"ns"
" 0.02576","-0.01569","0.06937","4700","0.2255","ns","prop_genes2_lower_CI","Motility","MotilityMotile",0.735165,"ns"
" 0.034754","-0.032937","0.10420","4700","0.13191","ns","prop_genes2_lower_CI","combined","(Intercept)",0.611582727272727,"ns"
" 0.044199","-0.015079","0.10229","5399","0.14596","ns","prop_genes2_lower_CI","combined","Obligate_facultativeFacultative",0.62033,"ns"
"-0.031204","-0.110570","0.04531","4926","0.44213","ns","prop_genes2_lower_CI","combined","Intra_or_extracellularBoth",0.907998523489933,"ns"
"-0.016916","-0.084899","0.05531","4700","0.63617","ns","prop_genes2_lower_CI","combined","Intra_or_extracellularExtracellular",0.993977295373666,"ns"
" 0.058922"," 0.009169","0.10702","4909","0.01915","*","prop_genes2_lower_CI","combined","Effect_on_hostBoth",0.254778260869565,"ns"
" 0.048843","-0.031230","0.13074","4700","0.23064","ns","prop_genes2_lower_CI","combined","Effect_on_hostMutualist",0.735165,"ns"
"-0.005900","-0.110563","0.10193","6375","0.91957","ns","prop_genes2_lower_CI","combined","MotilityBoth",0.997193661971831,"ns"
"-0.006826","-0.054261","0.03949","4923","0.77106","ns","prop_genes2_lower_CI","combined","MotilityMotile",0.993977295373666,"ns"
"0.09573"," 0.061397","0.13127","4700","0.8051","ns","prop_genes2_lower_CI","NE","(Intercept)",0.993977295373666,"ns"
"0.01335","-0.009057","0.03707","4476","0.2660","ns","prop_genes2_lower_CI","NE","Ne",0.798,"ns"
"0.07711","0.047736","0.10737","4700","0.498298","ns","prop_genes2_lower_CI","Genome_size","(Intercept)",0.951622222222222,"ns"
"0.02899","0.007948","0.05161","4700","0.008085","**","prop_genes2_lower_CI","Genome_size","genome_size",0.137445,"ns"
"0.08350","0.06119","0.10594","4462","0.7370213","ns","prop_genes2_lower_CI","Pan_size","(Intercept)",0.993977295373666,"ns"
"0.04014","0.02229","0.05863","5207","0.0002128","***","prop_genes2_lower_CI","Pan_size","pan_size",0.0162792,"*"
"0.08446","0.06132","0.10711","4700","0.7885106","ns","prop_genes2_lower_CI","Pangenome_fluidity","(Intercept)",0.993977295373666,"ns"
"0.03508","0.01622","0.05297","4700","0.0002128","***","prop_genes2_lower_CI","Pangenome_fluidity","pangenome_fluidity",0.0162792,"*"
"0.08085"," 0.051738","0.10734","4700","0.6464","ns","prop_genes2_lower_CI","Total_envs","(Intercept)",0.993977295373666,"ns"
"0.01340","-0.006445","0.03421","4303","0.1902","ns","prop_genes2_lower_CI","Total_envs","Total_envs",0.726466666666667,"ns"
" 0.30504"," 0.22867","0.38123","4456","0.21830","ns","prop_genes2_upper_CI","Host_or_free","(Intercept)",0.735165,"ns"
" 0.03451","-0.04295","0.11189","4700","0.38085","ns","prop_genes2_upper_CI","Host_or_free","Host_or_freeBoth",0.890670229007634,"ns"
"-0.30987","-0.63905","0.02438","4700","0.07277",".","prop_genes2_upper_CI","Host_or_free","Host_or_freeFree",0.468792,"ns"
" 0.33365"," 0.2652","0.40108","4700","0.5830","ns","prop_genes2_upper_CI","Category_primary_env","(Intercept)",0.984412087912088,"ns"
"-0.05079","-0.1315","0.03497","3300","0.2251","ns","prop_genes2_upper_CI","Category_primary_env","Category_primary_envFree",0.735165,"ns"
"0.2482","0.157438","0.3424","4700","0.02170","*","prop_genes2_upper_CI","Obligate_facultative","(Intercept)",0.276675,"ns"
"0.1011","0.007877","0.1949","4700","0.03574","*","prop_genes2_upper_CI","Obligate_facultative","Obligate_facultativeFacultative",0.377118620689655,"ns"
" 0.30288"," 0.17991","0.4177","4471","0.3745","ns","prop_genes2_upper_CI","Intra_or_extracellular","(Intercept)",0.890670229007634,"ns"
"-0.02256","-0.17061","0.1231","4274","0.7587","ns","prop_genes2_upper_CI","Intra_or_extracellular","Intra_or_extracellularBoth",0.993977295373666,"ns"
" 0.05664","-0.08442","0.2024","4219","0.4021","ns","prop_genes2_upper_CI","Intra_or_extracellular","Intra_or_extracellularExtracellular",0.900921891891892,"ns"
"0.26939"," 0.18943","0.3441","4700","0.023830","*","prop_genes2_upper_CI","Effect_on_host","(Intercept)",0.2916792,"ns"
"0.05789","-0.02229","0.1359","5433","0.154894","ns","prop_genes2_upper_CI","Effect_on_host","Effect_on_hostBoth",0.640507621621622,"ns"
"0.23745"," 0.08678","0.3904","4478","0.003404","**","prop_genes2_upper_CI","Effect_on_host","Effect_on_hostMutualist",0.0837128571428571,"."
" 0.30157"," 0.2127","0.3812","4700","0.2170","ns","prop_genes2_upper_CI","Motility","(Intercept)",0.735165,"ns"
"-0.02182","-0.2084","0.1736","4700","0.8302","ns","prop_genes2_upper_CI","Motility","MotilityBoth",0.993977295373666,"ns"
" 0.03854","-0.0447","0.1246","4700","0.3800","ns","prop_genes2_upper_CI","Motility","MotilityMotile",0.890670229007634,"ns"
" 0.2252981"," 0.08616","0.3783","4700","0.07532",".","prop_genes2_upper_CI","combined","(Intercept)",0.468792,"ns"
" 0.0631591","-0.05071","0.1848","4700","0.29106","ns","prop_genes2_upper_CI","combined","Obligate_facultativeFacultative",0.837429357798165,"ns"
"-0.0009662","-0.15537","0.1549","4825","0.99745","ns","prop_genes2_upper_CI","combined","Intra_or_extracellularBoth",0.9983,"ns"
" 0.0172080","-0.14287","0.1639","4040","0.81915","ns","prop_genes2_upper_CI","combined","Intra_or_extracellularExtracellular",0.993977295373666,"ns"
" 0.0339660","-0.05898","0.1225","4700","0.45319","ns","prop_genes2_upper_CI","combined","Effect_on_hostBoth",0.908129032258065,"ns"
" 0.2080720"," 0.03860","0.3777","4454","0.01532","*","prop_genes2_upper_CI","combined","Effect_on_hostMutualist",0.213087272727273,"ns"
"-0.0024409","-0.17745","0.1845","4700","0.99574","ns","prop_genes2_upper_CI","combined","MotilityBoth",0.9983,"ns"
" 0.0027414","-0.09562","0.1037","4700","0.97234","ns","prop_genes2_upper_CI","combined","MotilityMotile",0.9983,"ns"
"0.382113"," 0.3230","0.43656","4466","0.7277","ns","prop_genes2_upper_CI","NE","(Intercept)",0.993977295373666,"ns"
"0.009824","-0.0318","0.04975","4700","0.6157","ns","prop_genes2_upper_CI","NE","Ne",0.993977295373666,"ns"
"0.320560"," 0.24929","0.37951","4479","0.3191","ns","prop_genes2_upper_CI","Genome_size","(Intercept)",0.858615254237288,"ns"
"0.004052","-0.03865","0.05306","4700","0.8796","ns","prop_genes2_upper_CI","Genome_size","genome_size",0.993977295373666,"ns"
"0.3229"," 0.258282","0.3808","4700","0.33915","ns","prop_genes2_upper_CI","Pan_size","(Intercept)",0.8721,"ns"
"0.0365","-0.005233","0.0741","4700","0.07404",".","prop_genes2_upper_CI","Pan_size","pan_size",0.468792,"ns"
"0.33837","0.28826","0.3846","4700","0.5574468","ns","prop_genes2_upper_CI","Pangenome_fluidity","(Intercept)",0.966579661016949,"ns"
"0.07161","0.03733","0.1046","4700","0.0002128","***","prop_genes2_upper_CI","Pangenome_fluidity","pangenome_fluidity",0.0162792,"*"
"0.322233"," 0.25902","0.38251","4700","0.3298","ns","prop_genes2_upper_CI","Total_envs","(Intercept)",0.858615254237288,"ns"
"0.005115","-0.03414","0.04509","4700","0.7953","ns","prop_genes2_upper_CI","Total_envs","Total_envs",0.993977295373666,"ns"
