Species,Family,Order,Class,Phylum,Gram_stain,Host_or_free,Obligate_facultative,Host_range_taxonomic,Host_range_name,Host_range_b_or_n,Host_primary_location,Host_secondary_location,Host_inside_outside,Intra_or_extracellular,Host_type,Effect_on_host,Primary_environment,Secondary_environment,Category_primary_env,Motility,Spore,Plant,Mammal,Soil,Freshwater,Marine_water,Fish,Amphibians,Bird,Insects,Reptiles,Sponges,Protozoa,Nematodes,Sand,Sediment,Algae,Molluscs,Crustacean,Total_envs,pangenome_fluidity,Per_core_100,accessory_100,core_100,percentage_core_100,pan_size,accessory_90,core_90,percentage_core_90,accessory_80,core_80,percentage_core_80,percentage_accessory_20,percentage_accessory_10,Ne,genome_size,Number_of_Strain
Acetobacter_pasteurianus,Acetobacteraceae,Rhodospirillales,Alphaproteobacteria,Proteobacteria,Negative,Host,Facultative,Class,Eudicots,Broad,Fruit,Flowers,Outside,Extracellular,Plant,Mutualist,Plant,Food,Host,Both,No,1,NA,NA,NA,NA,NA,NA,NA,NA,NA,NA,NA,NA,NA,NA,NA,NA,NA,1,0.170898847,0.68768795,2090,1926,0.479581673,4016,1891,2125,0.529133466,1709,2307,0.574452191,0.289840637,0.21937251,NA,2834,13
Acinetobacter_baumannii,Moraxellaceae,Pseudomonadales,Gammaproteobacteria,Proteobacteria,Negative,Both,Facultative,Unknown,Unknown,Unknown,Wound,Lungs Blood Bain,Both,Extracellular,Animal,Pathogen,Human,Hospital,Host,Both,No,NA,1,1,NA,NA,NA,NA,NA,NA,NA,NA,NA,NA,NA,NA,NA,NA,NA,2,0.23261969,0.424895804,8667,1568,0.153199805,10235,7391,2844,0.277870054,7234,3001,0.293209575,0.61260381,0.546555936,413747407.8,3715,116
Acinetobacter_pittii,Moraxellaceae,Pseudomonadales,Gammaproteobacteria,Proteobacteria,Negative,Host,Facultative,Unknown,Unknown,Unknown,Blood,Spine Blood,Inside,Extracellular,Animal,Pathogen,Human,Hospital,Host,Non-motile,No,NA,1,NA,NA,NA,NA,NA,NA,NA,NA,NA,NA,NA,NA,NA,NA,NA,NA,1,0.257843653,0.725560359,3793,2716,0.417268398,6509,3524,2985,0.45859579,3423,3086,0.474112767,0.411276694,0.315870333,333479454.4,3765,10
Aeromonas_hydrophila,Aeromonadaceae,Aeromonadales,Gammaproteobacteria,Proteobacteria,Negative,Both,Facultative,Phylum,Chordata,Broad,Gut,Blood Wound,Inside,Extracellular,Animal,Pathogen,Water,Animal,Free,Motile,No,NA,1,NA,1,1,1,1,NA,NA,1,NA,NA,NA,NA,NA,NA,NA,NA,6,0.202340218,0.670808851,5155,2930,0.362399505,8085,4544,3541,0.437971552,4318,3767,0.465924552,0.416326531,0.335435993,349475037.6,4390,19
Alteromonas_mediterranea,Alteromonadaceae,Alteromonadales,Gammaproteobacteria,Proteobacteria,Negative,Free,,,,,,,,,,,Marine,,Free,Motile,No,NA,NA,NA,NA,1,NA,NA,NA,NA,NA,NA,NA,NA,NA,NA,NA,NA,NA,1,0.295576483,0.66559375,4446,2601,0.369093231,7047,4125,2922,0.41464453,4031,3016,0.427983539,0.35050376,0.195544203,NA,3928,12
Bacillus_amyloliquefaciens,Bacillaceae,Caryophanales,Bacilli,Firmicutes,Positive,Both,Facultative,Unknown,Unknown,Unknown,Root,Stem Leaf,Both,Extracellular,Plant,Mutualist,Soil,Plant,Free,Motile,Yes,1,NA,1,NA,NA,NA,NA,NA,NA,NA,NA,NA,NA,NA,NA,NA,NA,NA,2,0.167501241,0.749861772,3481,2821,0.447635671,6302,3107,3195,0.506981911,3010,3292,0.52237385,0.365280863,0.253094256,322649554,3770,27
Bacillus_anthracis,Bacillaceae,Caryophanales,Bacilli,Firmicutes,Positive,Host,Obligate,Class,Mammalia,Broad,Spleen,Blood Lymphatic,Inside,Both,Animal,Pathogen,Ungulate,Mammal,Host,Non-motile,Yes,NA,1,NA,NA,NA,NA,NA,NA,NA,NA,NA,NA,NA,NA,NA,NA,NA,NA,1,0.070401348,0.636685311,3405,3528,0.508870619,6933,1707,5226,0.75378624,1575,5358,0.772825617,0.177268138,0.169046589,NA,5566,50
Bacillus_cereus,Bacillaceae,Caryophanales,Bacilli,Firmicutes,Positive,Both,Facultative,Domain,Eukaryota,Broad,Gut Root,Blood,Inside,Extracellular,Both,Both,Soil,Animal Plant,Free,Motile,Yes,1,1,1,NA,NA,NA,NA,1,1,NA,NA,NA,NA,NA,NA,NA,NA,NA,5,0.276496422,0.52077357,12302,2865,0.188896947,15167,11102,4065,0.268016088,10861,4306,0.283905848,0.597019846,0.516318323,361887822.4,5557,48
Bacillus_licheniformis,Bacillaceae,Caryophanales,Bacilli,Firmicutes,Positive,Both,Facultative,Domain,Eukaryota,Broad,Feather,Gut,Both,Extracellular,Both,Both,Soil,Feathers,Free,Motile,Yes,1,1,1,NA,NA,NA,NA,1,1,NA,NA,NA,NA,NA,NA,NA,NA,NA,5,0.139226094,0.806527655,2519,3473,0.579606142,5992,2228,3764,0.628170895,2088,3904,0.651535381,0.223965287,0.117489987,NA,4324,17
Bacillus_pumilus,Bacillaceae,Caryophanales,Bacilli,Firmicutes,Positive,Both,Facultative,Domain,Eukaryota,Broad,Root,Gut Feather,Both,Extracellular,Both,Both,Soil,Plant,Free,Motile,Yes,1,1,1,NA,NA,NA,NA,1,1,NA,NA,NA,NA,NA,NA,NA,NA,NA,5,0.142191352,0.827410801,2042,3087,0.60187171,5129,1862,3267,0.63696627,1788,3341,0.651394034,0.202573601,0.162019887,359670448.7,3751,13
Bacillus_subtilis,Bacillaceae,Caryophanales,Bacilli,Firmicutes,Positive,Both,Facultative,Domain,Eukaryota,Broad,Root,Gut,Both,Extracellular,Both,Mutualist,Soil,Plant,Free,Motile,Yes,1,1,1,NA,1,NA,NA,1,1,NA,1,NA,NA,NA,NA,NA,NA,NA,7,0.223477152,0.370661878,9276,1501,0.139278092,10777,7522,3255,0.302032105,7304,3473,0.322260369,0.582072933,0.53929665,322444029.9,4059,80
Bacillus_thuringiensis,Bacillaceae,Caryophanales,Bacilli,Firmicutes,Positive,Both,Facultative,Kingdom,Animalia,Broad,Gut,Midgut,Inside,Extracellular,Animal,Pathogen,Soil,Invertebrate,Free,Motile,Yes,1,1,1,NA,NA,NA,NA,NA,1,NA,NA,NA,NA,NA,NA,NA,NA,NA,4,0.319107309,0.45672791,14578,2712,0.156853673,17290,13180,4110,0.237709659,12965,4325,0.250144592,0.613360324,0.53880856,374491212.6,6026,43
Bacillus_velezensis,Bacillaceae,Caryophanales,Bacilli,Firmicutes,Positive,Both,Facultative,Domain,Eukaryota,Broad,Root,Gut,Both,Extracellular,Both,Mutualist,Rhizosphere,Soil Gut,Host,Motile,Yes,1,1,1,NA,1,NA,NA,NA,NA,NA,NA,NA,NA,NA,NA,NA,NA,NA,4,0.151014902,0.658343327,5063,2499,0.33046813,7562,4256,3306,0.43718593,4155,3407,0.450542185,0.46469188,0.408886538,NA,3807,71
Bifidobacterium_animalis,Bifidobacteriaceae,Bifidobacteriales,Actinobacteria,Actinobacteria,Positive,Host,Facultative,Phylum,Chordata,Broad,Gut,Milk,Inside,Extracellular,Animal,Mutualist,Gut,Milk Sewage,Host,Non-motile,No,NA,1,NA,NA,NA,NA,NA,1,NA,NA,NA,NA,NA,NA,NA,NA,NA,NA,2,0.089261213,0.729661836,848,1133,0.571933367,1981,631,1350,0.681474003,462,1519,0.766784452,0.203937405,0.161029783,NA,1557,22
Bifidobacterium_breve,Bifidobacteriaceae,Bifidobacteriales,Actinobacteria,Actinobacteria,Positive,Host,Facultative,Species,Homo sapiens,Narrow,Gut,Milk,Inside,Extracellular,Animal,Mutualist,Gut,Milk,Host,Non-motile,No,NA,1,NA,NA,NA,NA,NA,NA,NA,NA,NA,NA,NA,NA,NA,NA,NA,NA,1,0.260085368,0.609521965,3018,1157,0.277125749,4175,2735,1440,0.34491018,2654,1521,0.364311377,0.500359281,0.397365269,283915466.7,1905,40
Bifidobacterium_longum,Bifidobacteriaceae,Bifidobacteriales,Actinobacteria,Actinobacteria,Positive,Host,Facultative,Class,Mammalia,Broad,Gut,,Inside,Extracellular,Animal,Mutualist,Gut,,Host,Non-motile,No,NA,1,NA,NA,NA,NA,NA,NA,NA,NA,NA,NA,NA,NA,NA,NA,NA,NA,1,0.353111774,0.546798923,3731,1065,0.22206005,4796,3532,1264,0.263552961,3392,1404,0.292743953,0.560675563,0.414512093,336115447.6,1963,20
Bordetella_holmesii,Alcaligenaceae,Burkholderiales,Betaproteobacteria,Proteobacteria,Negative,Host,Obligate,Species,Homo sapiens,Narrow,Blood,Respiratory,Inside,Both,Animal,Pathogen,Blood,Respiratory,Host,Non-motile,No,NA,1,NA,NA,NA,NA,NA,NA,NA,NA,NA,NA,NA,NA,NA,NA,NA,NA,1,0.041820351,0.812634657,705,2473,0.778162366,3178,213,2965,0.932976715,102,3076,0.967904342,0.011957206,0.008181246,NA,3145,15
Bordetella_pertussis,Alcaligenaceae,Burkholderiales,Betaproteobacteria,Proteobacteria,Negative,Host,Obligate,Species,Homo sapiens,Narrow,Respiratory,,Inside,Both,Animal,Pathogen,Respiratory,,Host,Both,No,NA,1,NA,NA,NA,NA,NA,NA,NA,NA,NA,NA,NA,NA,NA,NA,NA,NA,1,0.016285923,0.70996849,1325,2337,0.63817586,3662,385,3277,0.894866193,346,3316,0.905516111,0.083287821,0.078099399,95477591.09,3478,357
Brucella_abortus,Brucellaceae,Hyphomicrobiales,Alphaproteobacteria,Proteobacteria,Negative,Host,Facultative,Class,Mammalia,Broad,Liver,Spleen Blood,Inside,Both,Animal,Pathogen,Cell,Blood,Host,Non-motile,No,NA,1,NA,NA,NA,NA,NA,NA,NA,NA,NA,NA,NA,NA,NA,NA,NA,NA,1,0.032406699,0.920134943,379,2869,0.883312808,3248,329,2919,0.898706897,200,3048,0.938423645,0.024014778,0.004926108,NA,3139,19
Brucella_melitensis,Brucellaceae,Hyphomicrobiales,Alphaproteobacteria,Proteobacteria,Negative,Host,Facultative,Class,Mammalia,Broad,Placenta,Spleen Liver,Inside,Both,Animal,Pathogen,Cell,,Host,Non-motile,No,NA,1,NA,NA,NA,NA,NA,NA,NA,NA,NA,NA,NA,NA,NA,NA,NA,NA,1,0.035827918,0.831385585,691,2584,0.789007634,3275,263,3012,0.919694656,226,3049,0.930992366,0.023816794,0.018015267,NA,3126,60
Brucella_suis,Brucellaceae,Hyphomicrobiales,Alphaproteobacteria,Proteobacteria,Negative,Host,Facultative,Class,Mammalia,Broad,Genitalia,Blood,Inside,Both,Animal,Pathogen,Cell,Genitalia,Host,Non-motile,No,NA,1,NA,NA,NA,NA,NA,NA,NA,NA,NA,NA,NA,NA,NA,NA,NA,NA,1,0.044040211,0.894039141,490,2798,0.850973236,3288,306,2982,0.906934307,257,3031,0.921836983,0.021289538,0.018248175,NA,3146,16
Buchnera_aphidicola,Erwiniaceae,Enterobacterales,Gammaproteobacteria,Proteobacteria,Negative,Host,Obligate,Family,Aphididae,Narrow,Cell,,Inside,Intracellular,Animal,Mutualist,Cell,,Host,Non-motile,No,NA,NA,NA,NA,NA,NA,NA,NA,1,NA,NA,NA,NA,NA,NA,NA,NA,NA,1,0.253276067,0.312246006,565,152,0.211994421,717,399,318,0.443514644,348,369,0.514644351,0.167364017,0.147838215,NA,509,25
Burkholderia_cenocepacia,Burkholderiaceae,Burkholderiales,Betaproteobacteria,Proteobacteria,Negative,Both,Facultative,Domain,Eukaryota,Broad,Root,Lungs,Both,Intracellular,Both,Both,Rhizosphere,Soil,Host,Motile,No,1,1,1,NA,NA,NA,NA,NA,NA,NA,NA,NA,NA,NA,NA,NA,NA,NA,3,0.299163582,0.541437596,10864,3680,0.253025303,14544,9966,4578,0.314768977,9017,5527,0.380019252,0.475110011,0.366474147,393189088.7,6881,16
Burkholderia_mallei,Burkholderiaceae,Burkholderiales,Betaproteobacteria,Proteobacteria,Negative,Host,Obligate,Class,Mammalia,Broad,Cell,,Inside,Intracellular,Animal,Pathogen,Cell,Spleen,Host,Non-motile,No,NA,1,NA,NA,NA,NA,NA,NA,NA,NA,NA,NA,NA,NA,NA,NA,NA,NA,1,0.101629267,0.620235213,2746,3300,0.545815415,6046,1406,4640,0.767449553,976,5070,0.838570956,0.045319219,0.036222296,NA,5469,28
Burkholderia_pseudomallei,Burkholderiaceae,Burkholderiales,Betaproteobacteria,Proteobacteria,Negative,Both,Facultative,Domain,Eukaryota,Broad,Cell,Gut,Inside,Intracellular,Both,Pathogen,Soil,Water,Free,Motile,No,1,1,1,1,NA,NA,NA,NA,NA,NA,NA,1,1,NA,NA,NA,NA,NA,6,0.14900617,0.571960644,9547,3918,0.290976606,13465,7547,5918,0.43950984,7330,6135,0.455625696,0.457408095,0.417304122,398902172.8,6888,83
Burkholderia_thailandensis,Burkholderiaceae,Burkholderiales,Betaproteobacteria,Proteobacteria,Negative,Both,Facultative,Domain,Eukaryota,Broad,Cell,,Inside,Intracellular,Both,Pathogen,Soil,Water,Free,Motile,No,NA,1,1,NA,NA,NA,NA,NA,NA,NA,NA,1,1,NA,NA,NA,NA,NA,4,0.173286542,0.676889277,4941,3959,0.444831461,8900,3799,5101,0.573146067,3655,5245,0.589325843,0.314269663,0.257303371,NA,5884,21
Campylobacter_coli,Campylobacteraceae,Campylobacterales,Epsilonproteobacteria,Proteobacteria,Negative,Host,Facultative,Phylum,Chordata,Broad,Gut,,Inside,Both,Animal,Both,Gut,,Host,Motile,No,NA,1,NA,NA,NA,NA,NA,1,NA,NA,NA,NA,NA,NA,NA,NA,NA,NA,2,0.197792896,0.701386892,1508,1232,0.449635036,2740,1280,1460,0.532846715,1229,1511,0.551459854,0.300729927,0.206934307,NA,1785,20
Campylobacter_fetus,Campylobacteraceae,Campylobacterales,Epsilonproteobacteria,Proteobacteria,Negative,Host,Facultative,Phylum,Chordata,Broad,Gut,Genitalia,Inside,Both,Animal,Both,Gut,Genitalia,Host,Motile,No,NA,1,NA,NA,NA,NA,NA,NA,NA,NA,NA,NA,NA,NA,NA,NA,NA,NA,1,0.153926325,0.815144944,929,1451,0.609663866,2380,836,1544,0.648739496,799,1581,0.664285714,0.192436975,0.142436975,240503832.8,1796,11
Campylobacter_jejuni,Campylobacteraceae,Campylobacterales,Epsilonproteobacteria,Proteobacteria,Negative,Host,Facultative,Phylum,Chordata,Broad,Gut,,Inside,Both,Animal,Both,Gut,,Host,Motile,No,NA,1,NA,NA,NA,NA,NA,1,NA,NA,NA,NA,NA,NA,NA,NA,NA,NA,2,0.165055918,0.621470111,2239,1010,0.310864882,3249,1873,1376,0.423514928,1841,1408,0.433364112,0.462603878,0.389042782,383089898.5,1632,141
Chlamydia_muridarum,Chlamydiaceae,Chlamydiales,Chlamydiia,Chlamydiae,Negative,Host,Obligate,Family,Muridae,Narrow,Cell,,Inside,Intracellular,Animal,Pathogen,Cell,,Host,Non-motile,Yes,NA,1,NA,NA,NA,NA,NA,NA,NA,NA,NA,NA,NA,NA,NA,NA,NA,NA,1,0.01256819,0.923030822,84,825,0.907590759,909,17,892,0.98129813,13,896,0.98569857,0.00990099,0.00990099,NA,895,20
Chlamydia_psittaci,Chlamydiaceae,Chlamydiales,Chlamydiia,Chlamydiae,Negative,Host,Obligate,Class,Aves,Broad,Cell,,Inside,Intracellular,Animal,Pathogen,Cell,,Host,Non-motile,Yes,NA,NA,NA,NA,NA,NA,NA,1,NA,NA,NA,NA,NA,NA,NA,NA,NA,NA,1,0.053577779,0.807814429,243,780,0.762463343,1023,128,895,0.87487781,68,955,0.933528837,0.03030303,0.015640274,267984650.7,970,16
Chlamydia_trachomatis,Chlamydiaceae,Chlamydiales,Chlamydiia,Chlamydiae,Negative,Host,Obligate,Species,Homo sapiens,Narrow,Cell,,Inside,Intracellular,Animal,Pathogen,Cell,,Host,Non-motile,Yes,NA,1,NA,NA,NA,NA,NA,NA,NA,NA,NA,NA,NA,NA,NA,NA,NA,NA,1,0.036843838,0.875182081,187,789,0.808401639,976,109,867,0.888319672,101,875,0.896516393,0.051229508,0.045081967,155506781,902,85
Citrobacter_freundii,Enterobacteriaceae,Enterobacterales,Gammaproteobacteria,Proteobacteria,Negative,Both,Facultative,Phylum,Chordata,Broad,Gut,Urine Blood,Inside,Extracellular,Animal,Both,Soil,Water Gut,Free,Motile,No,NA,1,1,1,1,1,1,1,NA,1,NA,NA,NA,NA,NA,NA,NA,NA,8,0.327062752,0.549525334,12073,2715,0.183594807,14788,11319,3469,0.234582094,10997,3791,0.256356505,0.661347038,0.529010008,338521589.4,4969,26
Clostridioides_difficile,Peptostreptococcaceae,Eubacteriales,Clostridia,Firmicutes,Positive,Both,Facultative,Phylum,Chordata,Broad,Gut,Genitalia Blood,Inside,Extracellular,Animal,Both,Soil,Sedmiment Sand Gut,Free,Motile,Yes,NA,1,1,NA,NA,NA,NA,1,NA,NA,NA,NA,NA,1,1,NA,NA,NA,5,0.166962094,0.692469109,3899,2514,0.392016217,6413,3406,3007,0.468891315,3234,3179,0.495711835,0.400436613,0.337595509,NA,3665,50
Clostridium_botulinum,Peptostreptococcaceae,Eubacteriales,Clostridia,Firmicutes,Positive,Both,Facultative,Domain,Eukaryota,Broad,Gut,Nerves,Inside,Extracellular,Animal,Pathogen,Soil,Sediment Water,Free,Motile,Yes,1,1,1,NA,NA,1,NA,1,1,NA,NA,NA,NA,1,1,NA,NA,NA,8,0.401554104,0.172759653,11427,601,0.049966744,12028,11036,992,0.082474227,9344,2684,0.223145993,0.676338543,0.484951779,312718240,3642,46
Corynebacterium_diphtheriae,Corynebacteriaceae,Mycobacteriales,Actinobacteria,Actinobacteria,Positive,Host,Obligate,Species,Homo sapiens,Narrow,Skin,Mucous membranes,Both,Both,Animal,Pathogen,Skin,,Host,Non-motile,No,NA,1,NA,NA,NA,NA,NA,NA,NA,NA,NA,NA,NA,NA,NA,NA,NA,NA,1,0.185727644,0.751676366,1655,1639,0.497571342,3294,1514,1780,0.540376442,1428,1866,0.566484517,0.259562842,0.13630844,299860134.3,2189,18
Corynebacterium_glutamicum,Corynebacteriaceae,Mycobacteriales,Actinobacteria,Actinobacteria,Positive,Free,,,,,,,,,,,Soil,,Free,Non-motile,No,NA,NA,1,NA,NA,NA,NA,NA,NA,NA,NA,NA,NA,NA,NA,NA,NA,NA,1,0.210150949,0.577910007,3588,1678,0.31864793,5266,2881,2385,0.452905431,2800,2466,0.468287125,0.373338397,0.324154956,NA,2915,24
Corynebacterium_pseudotuberculosis,Corynebacteriaceae,Mycobacteriales,Actinobacteria,Actinobacteria,Positive,Host,Obligate,Class,Mammalia,Broad,Cell,Lymph,Inside,Intracellular,Animal,Pathogen,Cell,,Host,Non-motile,No,NA,1,NA,NA,NA,NA,NA,NA,NA,NA,NA,NA,NA,NA,NA,NA,NA,NA,1,0.086879288,0.54466142,1208,1097,0.475921909,2305,455,1850,0.802603037,385,1920,0.8329718,0.064208243,0.042516269,260946392.5,2019,72
Corynebacterium_ulcerans,Corynebacteriaceae,Mycobacteriales,Actinobacteria,Actinobacteria,Positive,Host,Obligate,Class,Mammalia,Broad,Skin,,Inside,Both,Animal,Pathogen,Skin,,Host,Non-motile,No,NA,1,NA,NA,NA,NA,NA,NA,NA,NA,NA,NA,NA,NA,NA,NA,NA,NA,1,0.09057376,0.886605257,733,1921,0.723813112,2654,640,2014,0.758854559,608,2046,0.770911831,0.139035418,0.088168802,NA,2169,13
Coxiella_burnetii,Coxiellaceae,Legionellales,Gammaproteobacteria,Proteobacteria,Negative,Host,Obligate,Kingdom,Animalia,Broad,Cell,,Inside,Intracellular,Animal,Pathogen,Cell,,Host,Non-motile,Yes,NA,1,NA,NA,NA,NA,NA,1,1,NA,NA,NA,NA,NA,NA,NA,NA,NA,3,0.163464874,0.715555928,945,1370,0.591792657,2315,773,1542,0.666090713,621,1694,0.73174946,0.104967603,0.080345572,NA,1946,10
Cutibacterium_acnes,Propionibacteriaceae,Propionibacteriales,Actinobacteria,Actinobacteria,Positive,Host,Obligate,Species,Homo sapiens,Narrow,Follicle,Skin,Both,Extracellular,Animal,Both,Skin,,Host,Non-motile,No,NA,1,NA,NA,NA,NA,NA,NA,NA,NA,NA,NA,NA,NA,NA,NA,NA,NA,1,0.102026143,0.773896351,1004,1837,0.646603309,2841,684,2157,0.759239704,592,2249,0.791622668,0.137979585,0.091517071,NA,2379,20
Dehalococcoides_mccartyi,Dehalococcoidaceae,Dehalococcoidales,Dehalococcoidia,Chloroflexi,Neither,Free,,,,,,,,,,,Sediment,Water,Free,Non-motile,No,NA,NA,NA,1,NA,NA,NA,NA,NA,NA,NA,NA,NA,NA,1,NA,NA,NA,2,0.256678736,0.70626101,2002,1006,0.334441489,3008,1920,1088,0.361702128,1894,1114,0.370345745,0.477393617,0.384640957,261489238.9,1433,23
Elizabethkingia_anophelis,Weeksellaceae,Flavobacteriales,Flavobacteriia,Bacteroidota,Negative,Host,Unknown,Unknown,Anopholes gambiae,Unknown,Gut,Blood,Inside,Extracellular,Animal,Unknown,Gut,,Host,Non-motile,No,NA,1,NA,NA,NA,NA,NA,NA,1,NA,NA,NA,NA,NA,NA,NA,NA,NA,2,0.207910306,0.759398147,3804,2723,0.417190133,6527,3649,2878,0.440937644,3498,3029,0.464072315,0.376436341,0.276850008,NA,3597,19
Enterobacter_cloacae,Enterobacteriaceae,Enterobacterales,Gammaproteobacteria,Proteobacteria,Negative,Both,Facultative,Domain,Eukaryota,Broad,Gut,Root Skin,Inside,Extracellular,Both,Both,Gut,Soil Water,Host,Motile,No,1,1,1,1,NA,NA,NA,1,NA,NA,NA,NA,NA,NA,1,NA,NA,NA,6,0.316405208,0.571482574,12229,2685,0.180032185,14914,11558,3356,0.225023468,11394,3520,0.236019847,0.657905324,0.558669706,353871025.2,4722,43
Enterobacter_hormaechei,Enterobacteriaceae,Enterobacterales,Gammaproteobacteria,Proteobacteria,Negative,Both,Facultative,Class,Mammalia,Broad,Gut,Respiratory,Inside,Extracellular,Animal,Both,Gut,Soil,Host,Motile,No,NA,1,1,NA,NA,NA,NA,NA,NA,NA,NA,NA,NA,NA,NA,NA,NA,NA,2,0.269893953,0.694347536,7070,3266,0.315982972,10336,6697,3639,0.352070433,6612,3724,0.360294118,0.500386997,0.408862229,351122205.3,4721,22
Enterococcus_faecalis,Enterococcaceae,Lactobacillales,Bacilli,Firmicutes,Positive,Both,Facultative,Domain,Eukaryota,Broad,Gut,Flowers,Both,Extracellular,Both,Both,Gut,Soil Water Plant,Host,Motile,No,1,1,1,1,NA,NA,NA,1,1,NA,NA,NA,NA,1,1,NA,NA,NA,8,0.262078027,0.685265772,3740,1939,0.341433351,5679,3490,2189,0.385455186,3391,2288,0.402887832,0.430357457,0.247578799,360985819.2,2865,19
Enterococcus_faecium,Enterococcaceae,Lactobacillales,Bacilli,Firmicutes,Positive,Both,Facultative,Domain,Eukaryota,Broad,Gut,Flowers,Both,Extracellular,Both,Both,Gut,Soil Water Plant,Host,Non-motile,No,1,1,1,1,NA,NA,NA,1,1,NA,NA,NA,NA,1,1,NA,NA,NA,8,0.256016438,0.457816841,4739,1314,0.217082438,6053,4015,2038,0.336692549,3879,2174,0.359160747,0.484553114,0.396828019,338287048.8,2896,53
Escherichia_coli,Enterobacteriaceae,Enterobacterales,Gammaproteobacteria,Proteobacteria,Negative,Both,Facultative,Domain,Eukaryota,Broad,Gut,Root Leaf,Both,Extracellular,Both,Both,Gut,Soil Water Plant,Host,Motile,No,1,1,1,1,NA,NA,NA,1,NA,NA,NA,NA,NA,NA,1,NA,NA,NA,6,0.295744488,0.152737114,28960,742,0.024981483,29702,26291,3411,0.114840751,26023,3679,0.123863713,0.822840213,0.782304222,416911778.1,4913,633
Francisella_tularensis,Francisellaceae,Thiotrichales,Gammaproteobacteria,Proteobacteria,Negative,Host,Facultative,Domain,Eukaryota,Broad,Cell,,Inside,Intracellular,Animal,Pathogen,Cell,,Host,Non-motile,No,NA,1,NA,NA,NA,1,1,1,1,NA,NA,1,NA,NA,NA,NA,NA,NA,6,0.1719852,0.547501637,1485,892,0.375262936,2377,1115,1262,0.530921329,1027,1350,0.567942785,0.237694573,0.215818258,NA,1646,34
Fusobacterium_nucleatum,Fusobacteriaceae,Fusobacteriales,Fusobacteriia,Fusobacteria,Negative,Host,Obligate,Species,Homo sapiens,Narrow,Gum,Gut,Inside,Extracellular,Animal,Both,Gum,,Host,Non-motile,No,NA,1,NA,NA,NA,NA,NA,NA,NA,NA,NA,NA,NA,NA,NA,NA,NA,NA,1,0.328000536,0.608713815,2945,1254,0.298642534,4199,2802,1397,0.332698261,2681,1518,0.361514646,0.443915218,0.242200524,325588485.9,2106,15
Fusobacterium_periodonticum,Fusobacteriaceae,Fusobacteriales,Fusobacteriia,Fusobacteria,Negative,Host,Obligate,Species,Homo sapiens,Narrow,Gum,Gut,Inside,Extracellular,Animal,Both,Gum,,Host,Non-motile,No,NA,1,NA,NA,NA,NA,NA,NA,NA,NA,NA,NA,NA,NA,NA,NA,NA,NA,1,0.280284583,0.716242423,2074,1498,0.4193729,3572,1979,1593,0.445968645,1892,1680,0.470324748,0.356662934,0.209406495,NA,2215,10
Granulibacter_bethesdensis,Acetobacteraceae,Rhodospirillales,Alphaproteobacteria,Proteobacteria,Negative,Host,Unknown,Unknown,Homo sapiens,Unknown,Cell,,Inside,Intracellular,Animal,Pathogen,Cell,,Host,Non-motile,No,NA,1,NA,NA,NA,NA,NA,NA,NA,NA,NA,NA,NA,NA,NA,NA,NA,NA,1,0.095678726,0.911485666,681,2160,0.760295671,2841,657,2184,0.7687434,617,2224,0.78282295,0.145723337,0.071101725,NA,2375,10
Haemophilus_influenzae,Pasteurellaceae,Pasteurellales,Gammaproteobacteria,Proteobacteria,Negative,Host,Obligate,Family,Hominidae,Narrow,Pharynx,Mucous membranes,Inside,Extracellular,Animal,Pathogen,Pharynx,,Host,Non-motile,No,NA,1,NA,NA,NA,NA,NA,NA,NA,NA,NA,NA,NA,NA,NA,NA,NA,NA,1,0.197063819,0.667967072,2213,1135,0.339008363,3348,1961,1387,0.41427718,1902,1446,0.431899642,0.446535245,0.355436081,351586801.7,1718,55
Helicobacter_pylori,Helicobacteraceae,Campylobacterales,Epsilonproteobacteria,Proteobacteria,Negative,Host,Obligate,Species,Homo sapiens,Narrow,Gut,Mucous,Inside,Extracellular,Animal,Pathogen,Gut,,Host,Motile,No,NA,1,NA,NA,NA,NA,NA,NA,NA,NA,NA,NA,NA,NA,NA,NA,NA,NA,1,0.146308465,0.488178127,1738,707,0.289161554,2445,1224,1221,0.499386503,1165,1280,0.523517382,0.357464213,0.309611452,293626583.4,1454,120
Klebsiella_aerogenes,Enterobacteriaceae,Enterobacterales,Gammaproteobacteria,Proteobacteria,Negative,Both,Facultative,Class,Mammalia,Broad,Gut,,Inside,Extracellular,Animal,Both,Gut,Soil Water,Host,Motile,No,NA,1,1,1,NA,NA,NA,NA,NA,NA,NA,NA,NA,NA,NA,NA,NA,NA,3,0.159643276,0.814521382,3607,4058,0.529419439,7665,3338,4327,0.564514025,3235,4430,0.577951729,0.309458578,0.223091977,NA,5015,14
Klebsiella_oxytoca,Enterobacteriaceae,Enterobacterales,Gammaproteobacteria,Proteobacteria,Negative,Both,Facultative,Domain,Eukaryota,Broad,Gut,Root Stem,Inside,Extracellular,Both,Both,Gut,Soil Water,Host,Non-motile,No,1,1,1,1,NA,NA,NA,NA,NA,NA,NA,NA,NA,NA,NA,NA,NA,NA,4,0.305504596,0.675561891,7946,4082,0.339374792,12028,7712,4316,0.358829398,7552,4476,0.372131693,0.439225141,0.278350515,317705771.7,6097,15
Klebsiella_pneumoniae,Enterobacteriaceae,Enterobacterales,Gammaproteobacteria,Proteobacteria,Negative,Both,Facultative,Domain,Eukaryota,Broad,Gut,Root Stem,Inside,Extracellular,Both,Both,Soil,Gut Plant,Free,Non-motile,No,1,1,1,1,NA,NA,NA,NA,NA,NA,NA,NA,NA,NA,NA,NA,NA,NA,4,0.231371884,0.36799299,18882,1986,0.095169638,20868,16544,4324,0.207207207,16437,4431,0.212334675,0.723979298,0.663839371,354544037.4,5421,280
Lactobacillus_brevis,Lactobacillaceae,Lactobacillales,Bacilli,Firmicutes,Positive,Both,Facultative,Domain,Eukaryota,Broad,Plant,Gut,Both,Extracellular,Both,Mutualist,Soil,Plant Gut,Free,Non-motile,No,1,1,1,NA,NA,NA,NA,1,1,NA,NA,NA,NA,NA,NA,NA,NA,NA,5,0.281636915,0.56879552,2900,1373,0.321319916,4273,2535,1738,0.406739995,2403,1870,0.437631641,0.33465949,0.211326937,NA,2426,14
Lactobacillus_casei,Lactobacillaceae,Lactobacillales,Bacilli,Firmicutes,Positive,Both,Facultative,Domain,Eukaryota,Broad,Milk,Gut Plant,Both,Extracellular,Both,Mutualist,Milk,Plant Gut,Host,Non-motile,No,1,1,NA,NA,NA,NA,NA,NA,NA,NA,NA,NA,NA,NA,NA,NA,NA,NA,2,0.314362412,0.526774604,3355,1521,0.311936013,4876,3083,1793,0.367719442,2582,2294,0.470467596,0.34659557,0.245488105,298813838,2914,10
Lactobacillus_delbrueckii,Lactobacillaceae,Lactobacillales,Bacilli,Firmicutes,Positive,Both,Facultative,Domain,Eukaryota,Broad,Plant,Milk Gut,Both,Extracellular,Both,Mutualist,Milk,Plant Gut,Host,Non-motile,No,1,1,NA,NA,NA,NA,NA,1,NA,NA,NA,NA,NA,NA,NA,NA,NA,NA,3,0.275834863,0.516193024,2044,864,0.297111417,2908,1756,1152,0.396148556,1641,1267,0.435694635,0.353163686,0.29264099,189429515.5,1695,20
Lactobacillus_fermentum,Lactobacillaceae,Lactobacillales,Bacilli,Firmicutes,Positive,Both,Facultative,Domain,Eukaryota,Broad,Plant,Milk Gut,Both,Extracellular,Both,Mutualist,Plant,Milk Gut,Host,Non-motile,No,1,1,NA,NA,NA,NA,NA,NA,NA,NA,NA,NA,NA,NA,NA,NA,NA,NA,2,0.274937688,0.537654383,2262,962,0.298387097,3224,1930,1294,0.401364764,1801,1423,0.441377171,0.3691067,0.253411911,231584694.3,1859,14
Lactobacillus_helveticus,Lactobacillaceae,Lactobacillales,Bacilli,Firmicutes,Positive,Both,Facultative,Domain,Eukaryota,Broad,Gut,Milk Plant,Both,Extracellular,Both,Mutualist,Gut,Plant Milk,Host,Non-motile,No,1,NA,NA,NA,NA,NA,NA,1,NA,NA,NA,NA,NA,NA,NA,NA,NA,NA,2,0.291840313,0.603920429,2157,1004,0.317621006,3161,1985,1176,0.372034166,1915,1246,0.394179057,0.382790256,0.276178425,179783724.2,1746,14
Lactobacillus_paracasei,Lactobacillaceae,Lactobacillales,Bacilli,Firmicutes,Positive,Both,Facultative,Domain,Eukaryota,Broad,Gut,Milk Plant,Both,Extracellular,Both,Mutualist,Gut,Plant Milk,Host,Non-motile,No,1,1,NA,NA,NA,NA,NA,NA,NA,NA,NA,NA,NA,NA,NA,NA,NA,NA,2,0.274012499,0.549185985,3682,1581,0.300399012,5263,3190,2073,0.393881816,3019,2244,0.426372791,0.395211856,0.307049211,344274405.3,2893,20
Lactobacillus_plantarum,Lactobacillaceae,Lactobacillales,Bacilli,Firmicutes,Positive,Both,Facultative,Domain,Eukaryota,Broad,Plant,Gut Milk,Both,Extracellular,Both,Mutualist,Plant,Gut Milk,Host,Non-motile,No,1,1,NA,NA,NA,NA,NA,NA,1,NA,NA,NA,NA,NA,NA,NA,NA,NA,3,0.230140022,0.510954466,5273,1540,0.226038456,6813,4445,2368,0.34757082,4318,2495,0.366211654,0.509467195,0.452076912,282669871.1,3036,53
Lactobacillus_rhamnosus,Lactobacillaceae,Lactobacillales,Bacilli,Firmicutes,Positive,Both,Facultative,Domain,Eukaryota,Broad,Gut,Milk,Inside,Extracellular,Animal,Mutualist,Gut,Milk,Host,Non-motile,No,NA,1,NA,NA,NA,NA,NA,NA,1,NA,NA,NA,NA,NA,NA,NA,NA,NA,2,0.212312945,0.706228892,2021,1968,0.493356731,3989,1834,2155,0.540235648,1709,2280,0.571571823,0.194785661,0.118074705,348998268.9,2825,15
Lactobacillus_sakei,Lactobacillaceae,Lactobacillales,Bacilli,Firmicutes,Positive,Both,Facultative,Domain,Eukaryota,Broad,Plant,Gut Meat,Both,Extracellular,Both,Mutualist,Plant,Gut Meat,Host,Non-motile,No,1,1,NA,NA,NA,NA,NA,NA,NA,NA,NA,NA,NA,NA,NA,NA,NA,NA,2,0.188855854,0.715959285,1683,1352,0.445469522,3035,1499,1536,0.506095552,1406,1629,0.536738056,0.331466227,0.257331137,NA,1899,16
Lactococcus_lactis,Streptococcaceae,Lactobacillales,Bacilli,Firmicutes,Positive,Both,Facultative,Domain,Eukaryota,Broad,Milk,Plant,Both,Extracellular,Both,Both,Milk,Plant,Host,Non-motile,No,1,1,1,NA,NA,NA,NA,NA,NA,NA,NA,NA,NA,NA,NA,NA,NA,NA,3,0.343603582,0.451278381,5289,1040,0.164322958,6329,4861,1468,0.231948175,4729,1600,0.25280455,0.578606415,0.477326592,326347666.3,2322,37
Legionella_pneumophila,Legionellaceae,Legionellales,Gammaproteobacteria,Proteobacteria,Negative,Both,Facultative,Domain,Eukaryota,Broad,Cell,,Inside,Intracellular,Animal,Pathogen,Cell,Water,Host,Motile,No,NA,1,NA,1,NA,NA,NA,NA,NA,NA,NA,1,NA,NA,1,NA,NA,NA,4,0.183794633,0.5710291,4200,1718,0.290300777,5918,3456,2462,0.416018925,3323,2595,0.438492734,0.449983102,0.389489692,288459040.1,3015,90
Leuconostoc_mesenteroides,Leuconostocaceae,Lactobacillales,Bacilli,Firmicutes,Positive,Both,Facultative,Domain,Eukaryota,Broad,Plant,Milk Gut,Both,Extracellular,Both,Both,Plant,Milk Gut,Host,Non-motile,No,1,1,NA,NA,NA,NA,NA,NA,NA,NA,NA,NA,NA,NA,NA,NA,NA,NA,2,0.246749344,0.624656471,1819,1167,0.390823845,2986,1565,1421,0.475887475,1405,1581,0.529470864,0.329202947,0.239115874,248939893.3,1878,11
Listeria_monocytogenes,Listeriaceae,Caryophanales,Bacilli,Firmicutes,Positive,Both,Facultative,Class,Mammalia,Broad,Cell,Gut,Inside,Both,Both,Both,Soil,Cell Water,Free,Motile,No,1,1,1,1,NA,NA,NA,1,NA,NA,NA,NA,NA,NA,1,NA,NA,NA,6,0.136584912,0.598653024,3505,1744,0.332253763,5249,2676,2573,0.490188607,2645,2604,0.496094494,0.410554391,0.342922461,380500263.5,2917,168
Mannheimia_haemolytica,Pasteurellaceae,Pasteurellales,Gammaproteobacteria,Proteobacteria,Negative,Host,Obligate,Family,Bovidae,Narrow,Respiratory,,Inside,Both,Animal,Both,Respiratory,Lung,Host,Non-motile,No,NA,1,NA,NA,NA,NA,NA,NA,NA,NA,NA,NA,NA,NA,NA,NA,NA,NA,1,0.118739544,0.703621847,1174,1770,0.601222826,2944,954,1990,0.675951087,697,2247,0.763247283,0.114130435,0.071331522,NA,2539,14
Mycobacterium_avium,Mycobacteriaceae,Mycobacteriales,Actinobacteria,Actinobacteria,Positive,Both,Facultative,Phylum,Chordata,Broad,Respiratory,Cell,Inside,Both,Animal,Pathogen,Respiratory,Cell Water,Host,Non-motile,No,NA,1,1,1,NA,NA,NA,1,NA,NA,NA,NA,NA,NA,NA,NA,NA,NA,4,0.148213331,0.713848047,3540,3177,0.472979008,6717,2846,3871,0.576298943,2730,3987,0.593568557,0.296709841,0.25889534,NA,4474,21
Mycobacterium_bovis,Mycobacteriaceae,Mycobacteriales,Actinobacteria,Actinobacteria,Positive,Host,Obligate,Phylum,Chordata,Broad,Cell,Respiratory,Inside,Both,Animal,Pathogen,Cell,Respiratory,Host,Non-motile,No,NA,1,NA,NA,NA,NA,NA,1,NA,NA,NA,NA,NA,NA,NA,NA,NA,NA,2,0.033652087,0.889516969,673,3525,0.839685565,4198,340,3858,0.919009052,256,3942,0.93901858,0.040733683,0.026679371,NA,4022,15
Mycobacterium_tuberculosis,Mycobacteriaceae,Mycobacteriales,Actinobacteria,Actinobacteria,Positive,Host,Obligate,Species,Homo sapiens,Narrow,Cell,Respiratory,Inside,Both,Animal,Pathogen,Cell,Respiratory,Host,Non-motile,No,NA,1,NA,NA,NA,NA,NA,NA,NA,NA,NA,NA,NA,NA,NA,NA,NA,NA,1,0.029638602,0.633882722,1747,2581,0.596349353,4328,378,3950,0.912661738,324,4004,0.925138632,0.042744917,0.035120148,NA,4110,148
Mycobacteroides_abscessus,Mycobacteriaceae,Mycobacteriales,Actinobacteria,Actinobacteria,Positive,Both,Facultative,Phylum,Chordata,Broad,Skin,Cell,Both,Both,Animal,Pathogen,Soil,Water Skin,Free,Non-motile,No,1,1,1,1,1,1,NA,NA,NA,NA,NA,NA,NA,NA,NA,NA,NA,NA,6,0.197994412,0.742787362,5756,3644,0.387659574,9400,5251,4149,0.441382979,5201,4199,0.446702128,0.414361702,0.307340426,396539114.6,4929,29
Mycoplasma_bovis,Metamycoplasmataceae,Mycoplasmoidales,Mollicutes,Tenericutes,Negative,Host,Obligate,Family,Bovidae,Narrow,Cell,Lungs Mlk,Inside,Both,Animal,Pathogen,Cell,Lungs,Host,Non-motile,No,NA,NA,NA,NA,NA,NA,NA,1,NA,NA,NA,NA,NA,NA,NA,NA,NA,NA,1,0.210552483,0.410695816,828,301,0.266607617,1129,576,553,0.489813995,499,630,0.558015943,0.343666962,0.302037201,NA,739,12
Mycoplasma_gallisepticum,Metamycoplasmataceae,Mycoplasmoidales,Mollicutes,Tenericutes,Negative,Host,Obligate,Class,Aves,Broad,Cell,Respiratory,Inside,Both,Animal,Pathogen,Cell,Respiratory,Host,Motile,No,NA,NA,NA,NA,NA,NA,NA,1,NA,NA,NA,NA,NA,NA,NA,NA,NA,NA,1,0.159335066,0.71903638,409,507,0.55349345,916,345,571,0.623362445,306,610,0.665938865,0.149563319,0.096069869,NA,722,13
Mycoplasma_mycoides,Metamycoplasmataceae,Mycoplasmoidales,Mollicutes,Tenericutes,Negative,Host,Obligate,Family,Bovidae,Narrow,Cell,Respiratory,Inside,Both,Animal,Pathogen,Cell,Respiratory,Host,Non-motile,No,NA,1,NA,NA,NA,NA,NA,NA,NA,NA,NA,NA,NA,NA,NA,NA,NA,NA,1,0.291637883,0.56410209,802,509,0.388253242,1311,733,578,0.440884821,721,590,0.450038139,0.151029748,0.138825324,NA,925,11
Mycoplasma_pneumoniae,Metamycoplasmataceae,Mycoplasmoidales,Mollicutes,Tenericutes,Negative,Host,Obligate,Species,Homo sapiens,Narrow,Cell,Respiratory,Inside,Both,Animal,Pathogen,Cell,Respiratory,Host,Motile,No,NA,1,NA,NA,NA,NA,NA,NA,NA,NA,NA,NA,NA,NA,NA,NA,NA,NA,1,0.079565495,0.741082266,304,520,0.631067961,824,185,639,0.775485437,167,657,0.797330097,0.097087379,0.084951456,3843649.63,705,48
Neisseria_gonorrhoeae,Neisseriaceae,Neisseriales,Betaproteobacteria,Proteobacteria,Negative,Host,Obligate,Species,Homo sapiens,Narrow,Urogenital,Cell,Inside,Both,Animal,Pathogen,Urogenital,Cell,Host,Non-motile,No,NA,1,NA,NA,NA,NA,NA,NA,NA,NA,NA,NA,NA,NA,NA,NA,NA,NA,1,0.118854946,0.702979496,1102,1512,0.578423871,2614,767,1847,0.706579954,618,1996,0.763580719,0.112471308,0.076128539,256751776.3,2257,25
Neisseria_meningitidis,Neisseriaceae,Neisseriales,Betaproteobacteria,Proteobacteria,Negative,Host,Obligate,Species,Homo sapiens,Narrow,Pharynx,Cell,Inside,Both,Animal,Both,Pharynx,Cell,Host,Non-motile,No,NA,1,NA,NA,NA,NA,NA,NA,NA,NA,NA,NA,NA,NA,NA,NA,NA,NA,1,0.16636821,0.538404695,2387,1140,0.323220868,3527,1833,1694,0.480294868,1726,1801,0.510632265,0.353274738,0.293450525,310729930,2183,91
Paenibacillus_polymyxa,Paenibacillaceae,Caryophanales,Bacilli,Firmicutes,Neither,Both,Facultative,Kingdom,Plantae,Broad,Rhizosphere,Root,Both,Both,Plant,Mutualist,Rhizosphere,Soil Root,Host,Motile,Yes,1,NA,1,NA,NA,NA,NA,NA,NA,NA,NA,NA,NA,NA,NA,NA,NA,NA,2,0.28906311,0.657700217,5774,3230,0.358729454,9004,5243,3761,0.417703243,5080,3924,0.435806308,0.383385162,0.309751222,357699542.4,4940,11
Pasteurella_multocida,Pasteurellaceae,Pasteurellales,Gammaproteobacteria,Proteobacteria,Negative,Host,Facultative,Phylum,Chordata,Broad,Respiratory,Gentalia,Inside,Extracellular,Animal,Both,Respiratory,Genital tract,Host,Motile,No,NA,1,NA,NA,NA,NA,NA,1,NA,1,NA,NA,NA,NA,NA,NA,NA,NA,3,0.18074983,0.311403752,3874,650,0.143678161,4524,2728,1796,0.396993811,2654,1870,0.413351017,0.502431477,0.443854996,323770895.8,2101,44
Phaeobacter_inhibens,Rhodobacteraceae,Rhodobacterales,Alphaproteobacteria,Proteobacteria,Negative,Both,Facultative,Domain,Eukaryota,Broad,Cell,Surface,Both,Both,Other,Both,Water,Cell,Free,Motile,No,NA,NA,NA,NA,1,NA,NA,NA,NA,NA,NA,1,NA,NA,NA,1,NA,NA,3,0.187446902,0.78436757,3960,3120,0.440677966,7080,3713,3367,0.475564972,3617,3463,0.489124294,0.403531073,0.290254237,NA,3998,22
Piscirickettsia_salmonis,Piscirickettsiaceae,Thiotrichales,Gammaproteobacteria,Proteobacteria,Negative,Host,Facultative,Family,Salmonidae,Narrow,Cell,,Inside,Intracellular,Animal,Pathogen,Cell,,Host,Non-motile,No,NA,NA,NA,NA,NA,1,NA,NA,NA,NA,NA,NA,NA,NA,NA,NA,NA,NA,1,0.181088585,0.591299672,1809,1609,0.470743125,3418,1392,2026,0.592744295,1249,2169,0.634581627,0.088355764,0.045640726,NA,3099,19
Porphyromonas_gingivalis,Porphyromonadaceae,Bacteroidales,Bacteroidia,Bacteroidetes,Negative,Host,Unknown,Species,Homo sapiens,Narrow,Gum,Respiratory,Inside,Both,Animal,Both,Gum,Respiratory,Host,Non-motile,No,NA,1,NA,NA,NA,NA,NA,NA,NA,NA,NA,NA,NA,NA,NA,NA,NA,NA,1,0.217146097,0.724418174,1808,1389,0.434469815,3197,1700,1497,0.468251486,1613,1584,0.495464498,0.368157648,0.258992806,244000456.4,1970,20
Prevotella_intermedia,Prevotellaceae,Bacteroidales,Bacteroidia,Bacteroidetes,Negative,Host,Unknown,Species,Homo sapiens,Narrow,Gum,Skin Genitalia,Both,Both,Animal,Both,Gum,Skin Genitalia,Host,Non-motile,No,NA,1,NA,NA,NA,NA,NA,NA,NA,NA,NA,NA,NA,NA,NA,NA,NA,NA,1,0.275476636,0.669349699,2550,1523,0.373925853,4073,2437,1636,0.401669531,2381,1692,0.41541861,0.340289713,0.24674687,NA,2351,14
Prochlorococcus_marinus,Prochloraceae,Synechococcales,Cyanophyceae,Cyanobacteria,Negative,Free,,,,,,,,,,,Water,,Free,Non-motile,No,NA,NA,NA,NA,1,NA,NA,NA,NA,NA,NA,NA,NA,NA,NA,NA,NA,NA,1,0.364706198,0.426712771,3505,770,0.180116959,4275,3010,1265,0.295906433,2886,1389,0.324912281,0.558128655,0.474385965,NA,1901,10
Propionibacterium_freudenreichii,Propionibacteriaceae,Propionibacteriales,Actinobacteria,Actinobacteria,Positive,Both,Facultative,Domain,Eukaryota,Broad,Milk,Gut Leaf,Both,Extracellular,Both,Mutualist,Soil,Plant Milk,Free,Non-motile,No,1,1,1,NA,NA,NA,NA,NA,NA,NA,NA,NA,NA,NA,NA,NA,NA,NA,3,0.16804254,0.753260458,1516,1638,0.51934052,3154,1373,1781,0.564679772,1240,1914,0.606848446,0.269499049,0.130310717,341177621.8,2205,16
Proteus_mirabilis,Morganellaceae,Enterobacterales,Gammaproteobacteria,Proteobacteria,Negative,Both,Facultative,Domain,Eukaryota,Broad,Gut,Urine,Both,Extracellular,Both,Both,Gut,Soil Water Plant,Host,Motile,No,1,1,1,NA,1,1,NA,1,1,1,1,NA,NA,NA,1,NA,1,NA,11,0.214906683,0.697156102,3863,2500,0.392896433,6363,3425,2938,0.461731887,3319,3044,0.478390696,0.38991042,0.299387082,342274831.5,3641,21
Pseudomonas_aeruginosa,Pseudomonadaceae,Pseudomonadales,Gammaproteobacteria,Proteobacteria,Negative,Both,Facultative,Domain,Eukaryota,Broad,Gut,Skin Respiratory Plant,Both,Extracellular,Both,Both,Soil,Gut Water Plant,Free,Motile,No,1,1,1,1,NA,NA,NA,NA,NA,NA,NA,NA,NA,NA,1,NA,NA,NA,5,0.180995127,0.395598878,16327,2453,0.130617678,18780,13398,5382,0.28658147,13340,5440,0.289669862,0.655910543,0.612939297,404884664.5,6241,153
Pseudomonas_fluorescens,Pseudomonadaceae,Pseudomonadales,Gammaproteobacteria,Proteobacteria,Negative,Both,Facultative,Domain,Eukaryota,Broad,Rhizosphere,Leaf,Outside,Extracellular,Plant,Both,Rhizosphere,Soil Plant Gut,Host,Motile,No,1,1,1,1,NA,NA,NA,NA,NA,NA,NA,NA,NA,NA,1,NA,NA,NA,5,0.414690075,0.508560667,13820,2815,0.169221521,16635,13459,3176,0.190922753,13103,3532,0.212323414,0.598557259,0.413044785,391307176.6,5700,19
Pseudomonas_putida,Pseudomonadaceae,Pseudomonadales,Gammaproteobacteria,Proteobacteria,Negative,Both,Facultative,Kingdom,Plantae,Broad,Rhizosphere,,Outside,Extracellular,Plant,Both,Soil,Rhizosphere,Free,Motile,No,1,1,1,NA,NA,NA,NA,NA,NA,NA,NA,NA,NA,NA,NA,NA,NA,NA,3,0.38074308,0.473543854,17120,2514,0.12804319,19634,16251,3383,0.172303148,15881,3753,0.191148009,0.712437608,0.613629418,415028160.8,5475,27
Pseudomonas_stutzeri,Pseudomonadaceae,Pseudomonadales,Gammaproteobacteria,Proteobacteria,Negative,Both,Facultative,Kingdom,Plantae,Broad,Rhizosphere,,Outside,Extracellular,Plant,Both,Soil,Rhizosphere,Free,Motile,No,1,1,1,1,NA,NA,NA,NA,NA,NA,NA,NA,NA,NA,NA,NA,NA,NA,4,0.289211889,0.588420292,5784,2411,0.294203783,8195,5230,2965,0.361805979,4992,3203,0.390848078,0.448200122,0.360097621,406029635.9,4156,13
Pseudomonas_syringae,Pseudomonadaceae,Pseudomonadales,Gammaproteobacteria,Proteobacteria,Negative,Host,Facultative,Kingdom,Plantae,Broad,Plant,Leaf Phyllosphere,Both,Extracellular,Plant,Pathogen,Plant,Leaf ,Host,Motile,No,1,NA,1,1,NA,NA,NA,NA,NA,NA,NA,NA,NA,NA,NA,NA,NA,NA,3,0.283308689,0.586142596,8642,3173,0.268556919,11815,8011,3804,0.321963606,7829,3986,0.337367753,0.473719848,0.383834109,426272474.1,5460,28
Ralstonia_solanacearum,Burkholderiaceae,Burkholderiales,Betaproteobacteria,Proteobacteria,Negative,Both,Facultative,Phylum,Tracheophytes,Broad,Xylem,Root Stem,Both,Extracellular,Plant,Pathogen,Xylem,Plant Stem,Host,Non-motile,No,1,NA,1,1,NA,NA,NA,NA,NA,NA,NA,NA,NA,NA,NA,NA,NA,NA,3,0.250322881,0.532659034,6666,2532,0.275277234,9198,5778,3420,0.371819961,5501,3697,0.401935203,0.412589693,0.319852142,NA,4787,39
Rhizobium_leguminosarum,Rhizobiaceae,Hyphomicrobiales,Alphaproteobacteria,Proteobacteria,Negative,Both,Facultative,Family,Fabaceae,Narrow,Root_nodule,Rhizosphere,Inside,Intracellular,Plant,Mutualist,Root_nodule,Soil Rhizosphere,Host,Motile,No,1,NA,1,NA,NA,NA,NA,NA,NA,NA,NA,NA,NA,NA,NA,NA,NA,NA,2,0.374736678,0.579337884,11166,3962,0.261898466,15128,10633,4495,0.297131148,10225,4903,0.324101005,0.491010048,0.403490217,NA,6933,11
Rhizobium_phaseoli,Rhizobiaceae,Hyphomicrobiales,Alphaproteobacteria,Proteobacteria,Negative,Both,Facultative,Family,Fabaceae,Narrow,Root_nodule,Rhizosphere,Inside,Intracellular,Plant,Mutualist,Root_nodule,Soil Rhizosphere,Host,Motile,No,1,NA,1,NA,NA,NA,NA,NA,NA,NA,NA,NA,NA,NA,NA,NA,NA,NA,2,0.17532431,0.750434013,4366,4656,0.516071824,9022,3848,5174,0.573487032,3625,5397,0.598204389,0.241742407,0.142983817,NA,6252,14
Rickettsia_japonica,Rickettsiaceae,Rickettsiales,Alphaproteobacteria,Proteobacteria,Negative,Host,Obligate,Kingdom,Animalia,Broad,Cell,Blood,Inside,Intracellular,Animal,Pathogen,Cell,,Host,Non-motile,No,NA,1,NA,NA,NA,NA,NA,NA,1,NA,NA,NA,NA,NA,NA,NA,NA,NA,2,0.022897186,0.948891884,102,1152,0.918660287,1254,85,1169,0.932216906,37,1217,0.970494418,0.027910686,0.002392344,NA,1216,12
Rickettsia_prowazekii,Rickettsiaceae,Rickettsiales,Alphaproteobacteria,Proteobacteria,Negative,Host,Obligate,Kingdom,Animalia,Broad,Cell,Blood,Inside,Intracellular,Animal,Pathogen,Cell,,Host,Non-motile,No,NA,1,NA,NA,NA,NA,NA,NA,1,NA,NA,NA,NA,NA,NA,NA,NA,NA,2,0.036002542,0.875301845,132,750,0.850340136,882,36,846,0.959183673,16,866,0.98185941,0.011337868,0.010204082,NA,858,10
Rickettsia_rickettsii,Rickettsiaceae,Rickettsiales,Alphaproteobacteria,Proteobacteria,Negative,Host,Obligate,Kingdom,Animalia,Broad,Cell,Blood,Inside,Intracellular,Animal,Pathogen,Cell,,Host,Non-motile,No,NA,2,NA,NA,NA,NA,NA,NA,NA,NA,NA,NA,NA,NA,NA,NA,NA,NA,2,0.03682578,0.922334361,184,1159,0.862993299,1343,125,1218,0.906924795,100,1243,0.925539836,0.04988831,0.048399106,NA,1257,11
Riemerella_anatipestifer,Weeksellaceae,Flavobacteriales,Flavobacteriia,Bacteroidetes,Negative,Host,Unknown,Class,Aves,Broad,Blood,Respiratory,Inside,Both,Animal,Pathogen,Blood,Respiratory,Host,Non-motile,No,NA,NA,NA,NA,NA,NA,NA,1,NA,NA,NA,NA,NA,NA,NA,NA,NA,NA,1,0.201135855,0.683263433,1358,1343,0.497223251,2701,1116,1585,0.586819696,1022,1679,0.621621622,0.199185487,0.123287671,NA,1985,10
Salmonella_enterica,Enterobacteriaceae,Enterobacterales,Gammaproteobacteria,Proteobacteria,Negative,Host,Facultative,Phylum,Chordata,Broad,Gut,Blood Lymphatic,Inside,Both,Animal,Pathogen,Gut,Blood,Host,Motile,No,NA,1,NA,NA,NA,1,NA,1,NA,1,NA,NA,NA,NA,NA,NA,1,NA,6,0.221767824,0.210404106,22270,965,0.041532171,23235,19660,3575,0.153862707,19486,3749,0.16135141,0.784161825,0.757477943,403136089.3,4610,555
Serratia_marcescens,Yersiniaceae,Enterobacterales,Gammaproteobacteria,Proteobacteria,Negative,Both,Facultative,Domain,Eukaryota,Broad,Gut,Blood Plant,Both,Intracellular,Both,Pathogen,Soil,Water Gut,Free,Motile,No,1,1,1,1,NA,NA,NA,NA,1,NA,NA,NA,NA,NA,1,NA,NA,NA,6,0.217853552,0.7258252,7423,3478,0.319053298,10901,7036,3865,0.354554628,6917,3984,0.365471058,0.524722503,0.473259334,386569627.6,4803,32
Sinorhizobium_meliloti,Rhizobiaceae,Hyphomicrobiales,Alphaproteobacteria,Proteobacteria,Negative,Both,Facultative,Family,Fabaceae,Narrow,Root_nodule,Rhizosphere,Inside,Intracellular,Plant,Mutualist,Root_nodule,Soil Rhizosphere,Host,Motile,No,1,NA,1,NA,NA,NA,NA,NA,NA,NA,NA,NA,NA,NA,NA,NA,NA,NA,2,0.226151995,0.625855139,8381,3965,0.32115665,12346,7294,5052,0.409201361,7042,5304,0.42961283,0.447513365,0.384335007,NA,6434,22
Staphylococcus_aureus,Staphylococcaceae,Caryophanales,Bacilli,Firmicutes,Positive,Host,Facultative,Order,Primates,Broad,Nose,Skin,Both,Extracellular,Animal,Both,Nose,Skin,Host,Non-motile,No,NA,1,NA,NA,NA,NA,NA,1,NA,NA,NA,NA,NA,NA,NA,NA,NA,NA,2,0.170897129,0.353261035,4752,969,0.169375983,5721,3459,2262,0.395385422,3374,2347,0.410242965,0.477888481,0.415486803,389354558.5,2765,344
Staphylococcus_epidermidis,Staphylococcaceae,Caryophanales,Bacilli,Firmicutes,Positive,Host,Facultative,Species,Homo sapiens,Narrow,Skin,,Outside,Extracellular,Animal,Both,Skin,,Host,Non-motile,No,NA,1,NA,NA,NA,NA,NA,NA,NA,NA,NA,NA,NA,NA,NA,NA,NA,NA,1,0.186836104,0.789242078,1932,1872,0.492113565,3804,1809,1995,0.52444795,1755,2049,0.538643533,0.294952681,0.230546793,325088299.5,2402,14
Stenotrophomonas_maltophilia,Lysobacteraceae,Lysobacterales,Gammaproteobacteria,Proteobacteria,Negative,Both,Facultative,Domain,Eukaryota,Broad,Rhizosphere,Gut,Both,Extracellular,Both,Both,Soil,Rhizosphere,Free,Motile,No,1,1,1,1,NA,1,1,NA,NA,1,NA,NA,NA,NA,1,NA,NA,NA,8,0.272696522,0.645786902,6894,2713,0.282398251,9607,6366,3241,0.337358176,6201,3406,0.354533153,0.54543562,0.45591756,398902172.8,4213,20
Streptococcus_agalactiae,Streptococcaceae,Lactobacillales,Bacilli,Firmicutes,Positive,Host,Facultative,Phylum,Chordata,Broad,Gut,Genitalia Milk,Both,Extracellular,Animal,Both,Gut,Genitalia Milk,Host,Non-motile,No,NA,1,NA,NA,NA,1,NA,NA,NA,NA,NA,NA,NA,NA,NA,NA,NA,NA,2,0.200765986,0.588215316,3056,1192,0.280602637,4248,2625,1623,0.382062147,2549,1699,0.399952919,0.484227872,0.418785311,281578035.6,2037,57
Streptococcus_pneumoniae,Streptococcaceae,Lactobacillales,Bacilli,Firmicutes,Positive,Host,Facultative,Species,Homo sapiens,Narrow,Nasopharynx,Respiratory,Inside,Extracellular,Animal,Both,Nasopharynx,Respiratory,Host,Non-motile,No,NA,1,NA,NA,NA,NA,NA,NA,NA,NA,NA,NA,NA,NA,NA,NA,NA,NA,1,0.199609589,0.565777705,2460,1122,0.313232831,3582,1987,1595,0.445281965,1894,1688,0.471245114,0.381909548,0.301786711,307103311.2,2033,52
Streptococcus_pyogenes,Streptococcaceae,Lactobacillales,Bacilli,Firmicutes,Positive,Host,Facultative,Species,Homo sapiens,Narrow,Throat,Skin,Both,Extracellular,Animal,Both,Throat,Skin,Host,Non-motile,No,NA,1,NA,NA,NA,NA,NA,NA,NA,NA,NA,NA,NA,NA,NA,NA,NA,NA,1,0.188681025,0.549829651,2497,954,0.276441611,3451,2020,1431,0.414662417,1978,1473,0.426832802,0.440452043,0.373804694,288954081.8,1741,118
Streptococcus_suis,Streptococcaceae,Lactobacillales,Bacilli,Firmicutes,Positive,Host,Facultative,Class,Mammalia,Broad,Respiratory,Gut Genitalia,Both,Extracellular,Animal,Both,Respiratory,Gut Genitalia,Host,Non-motile,No,NA,1,NA,NA,NA,NA,NA,NA,NA,NA,NA,NA,NA,NA,NA,NA,NA,NA,1,0.283650119,0.473275958,4153,933,0.18344475,5086,3684,1402,0.275658671,3550,1536,0.302005505,0.562917814,0.460676366,317165602.5,2010,39
Streptococcus_thermophilus,Streptococcaceae,Lactobacillales,Bacilli,Firmicutes,Positive,Unknown,Unknown,,,,,,,,,,Milk Industry,,Unknown,Non-motile,No,NA,NA,NA,NA,NA,NA,NA,NA,NA,NA,NA,NA,NA,NA,NA,NA,NA,NA,0,0.197275898,0.630963805,1598,1041,0.394467601,2639,1355,1284,0.486547935,1248,1391,0.527093596,0.318302387,0.236832133,NA,1655,25
Vibrio_alginolyticus,Vibrionaceae,Vibrionales,Gammaproteobacteria,Proteobacteria,Negative,Both,Facultative,Phylum,Chordata,Broad,Gut,Soft_tissue,Both,Extracellular,Animal,Both,Marine,Gut Soft_tissue,Free,Motile,No,NA,1,NA,NA,1,1,NA,NA,NA,NA,NA,NA,NA,NA,NA,NA,1,1,5,0.257933631,0.274708709,8569,1277,0.129697339,9846,5897,3949,0.401076579,5749,4097,0.416108064,0.47664026,0.447186675,152164063.4,4798,14
Vibrio_anguillarum,Vibrionaceae,Vibrionales,Gammaproteobacteria,Proteobacteria,Negative,Both,Facultative,Kingdom,Animalia,Broad,Gut,Skin,Both,Extracellular,Animal,Both,Marine,Gut Skin,Free,Motile,No,NA,NA,NA,NA,1,1,NA,NA,NA,NA,NA,NA,NA,NA,1,NA,1,1,5,0.250557334,0.555038504,4074,1982,0.327278732,6056,3337,2719,0.448976222,3119,2937,0.48497358,0.357166446,0.278401585,NA,3615,13
Vibrio_cholerae,Vibrionaceae,Vibrionales,Gammaproteobacteria,Proteobacteria,Negative,Both,Facultative,Kingdom,Animalia,Broad,Shell,Gut Soft_tissue,Both,Extracellular,Animal,Pathogen,Marine,Shell Gut Soft_tissue,Free,Motile,No,NA,1,NA,1,1,1,1,1,NA,NA,NA,1,NA,NA,NA,1,1,1,10,0.124137576,0.668657487,3982,2452,0.381100404,6434,3287,3147,0.489120298,3105,3329,0.517407523,0.420733603,0.392601803,335798106.8,3716,44
Vibrio_parahaemolyticus,Vibrionaceae,Vibrionales,Gammaproteobacteria,Proteobacteria,Negative,Both,Facultative,Kingdom,Animalia,Broad,Soft_tissue,Shell Gut,Both,Extracellular,Animal,Both,Marine,Soft_tissue Shell Gut,Free,Motile,No,NA,1,NA,1,1,1,NA,NA,NA,NA,NA,1,NA,NA,NA,NA,1,1,7,0.204279691,0.729192382,6708,3479,0.341513694,10187,6181,4006,0.393246294,6063,4124,0.404829685,0.520369098,0.421615785,326599183.5,4833,26
Vibrio_vulnificus,Vibrionaceae,Vibrionales,Gammaproteobacteria,Proteobacteria,Negative,Both,Facultative,Kingdom,Animalia,Broad,Soft_tissue,Gut Shell Wound,Both,Extracellular,Animal,Both,Marine,Soft_tissue Gut Shell,Free,Motile,No,NA,1,NA,1,1,1,NA,NA,NA,NA,NA,NA,NA,NA,NA,NA,1,1,6,0.238434216,0.747975038,5693,3363,0.371356007,9056,5433,3623,0.400066254,5322,3734,0.412323322,0.501435512,0.272968198,373027769.2,4632,16
Xanthomonas_campestris,Lysobaacteraceae,Lysobacterales,Gammaproteobacteria,Proteobacteria,Negative,Host,Facultative,Class,Eudicots,Broad,Leaf,Seed Xylem,Both,Extracellular,Plant,Pathogen,Leaf,Seed Xylem,Host,Motile,No,1,NA,1,NA,NA,NA,NA,NA,NA,NA,NA,NA,NA,NA,NA,NA,NA,NA,2,0.224727852,0.679907936,3806,2860,0.429042904,6666,3526,3140,0.471047105,3314,3352,0.502850285,0.316381638,0.158115812,366978095.3,4222,13
Xanthomonas_citri,Lysobaacteraceae,Lysobacterales,Gammaproteobacteria,Proteobacteria,Negative,Host,Facultative,Family,Rutaceae,Narrow,Leaf,Stem Xylem,Both,Extracellular,Plant,Pathogen,Leaf,Stem Xylem,Host,Motile,No,1,NA,1,NA,NA,NA,NA,NA,NA,NA,NA,NA,NA,NA,NA,NA,NA,NA,2,0.196244932,0.594403306,5576,2582,0.316499142,8158,4757,3401,0.416891395,4545,3613,0.442878156,0.422162295,0.374601618,359737472.4,4365,57
Xanthomonas_oryzae,Lysobaacteraceae,Lysobacterales,Gammaproteobacteria,Proteobacteria,Negative,Host,Facultative,Family,Gramineae,Narrow,Leaf,Seed Xylem,Both,Extracellular,Plant,Pathogen,Leaf,Seed Xylem,Host,Motile,No,1,NA,1,NA,NA,NA,NA,NA,NA,NA,NA,NA,NA,NA,NA,NA,NA,NA,2,0.179481488,0.639533284,2767,2356,0.459886785,5123,2375,2748,0.536404451,2290,2833,0.552996291,0.205153231,0.150302557,298340856.5,3751,48
Xylella_fastidiosa,Lysobaacteraceae,Lysobacterales,Gammaproteobacteria,Proteobacteria,Negative,Host,Facultative,Phylum,Tracheophytes,Broad,Xylem,Stem Leaf,Both,Extracellular,Plant,Pathogen,Xylem,Stem Leaf,Host,Motile,No,1,NA,1,1,NA,NA,NA,NA,NA,NA,NA,NA,NA,NA,NA,NA,NA,NA,3,0.22917301,0.593726554,1803,1261,0.411553525,3064,1518,1546,0.504569191,1312,1752,0.571801567,0.193537859,0.113903394,222367022.5,2264,16
Yersinia_enterocolitica,Yersiniaceae,Enterobacterales,Gammaproteobacteria,Proteobacteria,Negative,Both,Facultative,Kingdom,Animalia,Broad,Gut,Oral,Inside,Both,Animal,Pathogen,Gut,Oral Soil Water,Host,Both,No,NA,1,1,1,NA,1,1,1,1,NA,NA,NA,NA,NA,1,NA,NA,NA,8,0.250344685,0.614603291,4608,2539,0.355253953,7147,4140,3007,0.420735973,3921,3226,0.451378201,0.367007136,0.238281797,274510003.4,4142,16
Yersinia_pestis,Yersiniaceae,Enterobacterales,Gammaproteobacteria,Proteobacteria,Negative,Both,Facultative,Class,Mammalia,Broad,Blood,Gut Soft_tissue,Inside,Both,Animal,Pathogen,Blood,Gut Soft_tissue Soil,Host,Non-motile,No,NA,1,1,NA,NA,NA,NA,NA,1,NA,NA,NA,NA,NA,NA,NA,NA,NA,3,0.079945947,0.636035084,1975,2593,0.567644483,4568,899,3669,0.803196147,669,3899,0.85354641,0.063922942,0.052101576,64473352.98,4126,36
Yersinia_pseudotuberculosis,Yersiniaceae,Enterobacterales,Gammaproteobacteria,Proteobacteria,Negative,Both,Facultative,Domain,Eukaryota,Broad,Gut,Blood Cell Lymphatic,Inside,Both,Animal,Pathogen,Gut,Soil Water Cell,Host,Both,No,NA,1,1,1,NA,NA,NA,1,NA,NA,NA,1,NA,NA,NA,NA,NA,NA,5,0.155367862,0.810367724,2837,3346,0.541161249,6183,2613,3570,0.577389617,2560,3623,0.585961507,0.281416788,0.230632379,340260816.1,4179,21
Zymomonas_mobilis,Zymomonadaceae,Sphingomonadales,Alphaproteobacteria,Proteobacteria,Negative,Both,Unknown,Unknown,Unknown,Unknown,Unknown,Unknown,Unknown,Unknown,Unknown,Unknown,Sap,Juice Honey,Host,Both,No,1,NA,1,NA,NA,NA,NA,NA,1,NA,NA,NA,NA,NA,NA,NA,NA,NA,3,0.215649514,0.470227468,2250,852,0.274661509,3102,1563,1539,0.496131528,1462,1640,0.528691167,0.364603482,0.342037395,NA,1818,12